country,year,month,arrivals
Ba Lan,2024,1,6710
Ba Lan,2024,2,7120
Ba Lan,2024,3,6449
Ba Lan,2024,4,3017
Ba Lan,2024,5,2237
Ba Lan,2024,6,1010
Ba Lan,2024,7,1388
Ba Lan,2024,8,1742
Ba Lan,2024,9,1807
Ba Lan,2024,10,2852
Ba Lan,2024,11,9629
Ba Lan,2024,12,7196
Ba Lan,2025,1,8678
Ba Lan,2025,2,12653
Ba Lan,2025,3,9674
Ba Lan,2025,4,3656
Ba Lan,2025,5,2246
Ba Lan,2025,6,1406
Ba Lan,2025,7,2128
Ba Lan,2025,8,2478
Ba Lan,2025,9,3044
Ba Lan,2025,10,3582
Ba Lan,2025,11,12737
Ba Lan,2025,12,10646
Ba Lan,2026,1,17240
Ba Lan,2026,2,18463
Ba Lan,2026,3,11529
Ba Lan,2026,4,5680
Ba Lan,2026,5,3065
Bỉ,2008,7,2091
Bỉ,2008,9,918
Bỉ,2008,10,1331
Bỉ,2012,12,1706
Bỉ,2013,1,1723
Bỉ,2013,2,1439
Bỉ,2013,3,1913
Bỉ,2013,4,2279
Bỉ,2013,5,1247
Bỉ,2013,6,1029
Bỉ,2013,7,2913
Bỉ,2013,8,2136
Bỉ,2013,9,1326
Bỉ,2013,10,1304
Bỉ,2013,11,2429
Bỉ,2013,12,1834
Bỉ,2014,1,1990
Bỉ,2014,2,2001
Bỉ,2014,3,2026
Bỉ,2014,4,2605
Bỉ,2014,5,1470
Bỉ,2014,6,1026
Bỉ,2014,7,3097
Bỉ,2014,8,2260
Bỉ,2014,9,1343
Bỉ,2014,10,1369
Bỉ,2014,11,2260
Bỉ,2014,12,1828
Bỉ,2015,1,1827
Bỉ,2015,2,1761
Bỉ,2015,3,1867
Bỉ,2015,4,2523
Bỉ,2015,5,1322
Bỉ,2015,6,1010
Bỉ,2015,7,3306
Bỉ,2015,8,2286
Bỉ,2015,9,1521
Bỉ,2015,10,1656
Bỉ,2015,11,2535
Bỉ,2015,12,2075
Bỉ,2016,1,1957
Bỉ,2016,2,2103
Bỉ,2016,3,2357
Bỉ,2016,4,2402
Bỉ,2016,5,1517
Bỉ,2016,6,1017
Bỉ,2016,7,3658
Bỉ,2016,8,2481
Bỉ,2016,9,1923
Bỉ,2016,10,1646
Bỉ,2016,11,3092
Bỉ,2016,12,2078
Bỉ,2017,1,2498
Bỉ,2017,2,2230
Bỉ,2017,3,2385
Bỉ,2017,4,2940
Bỉ,2017,5,1557
Bỉ,2017,6,1309
Bỉ,2017,7,3855
Bỉ,2017,8,2795
Bỉ,2017,9,2175
Bỉ,2017,10,1915
Bỉ,2017,11,3124
Bỉ,2017,12,2361
Bỉ,2018,1,2580
Bỉ,2018,2,2554
Bỉ,2018,3,2438
Bỉ,2018,4,3535
Bỉ,2018,5,1762
Bỉ,2018,6,1345
Bỉ,2018,7,4310
Bỉ,2018,8,3067
Bỉ,2018,9,2354
Bỉ,2018,10,2082
Bỉ,2018,11,3073
Bỉ,2018,12,2282
Bỉ,2019,1,2564
Bỉ,2019,2,2537
Bỉ,2019,3,2549
Bỉ,2019,4,3530
Bỉ,2019,5,1778
Bỉ,2019,6,1509
Bỉ,2019,7,4833
Bỉ,2019,8,3676
Bỉ,2019,9,2766
Bỉ,2019,10,2105
Bỉ,2019,11,3651
Bỉ,2019,12,2689
Bỉ,2020,1,2782
Bỉ,2020,2,2699
Bỉ,2020,3,1971
Bỉ,2022,1,50
Bỉ,2022,2,77
Bỉ,2022,3,89
Bỉ,2022,4,379
Bỉ,2022,5,543
Bỉ,2022,6,641
Bỉ,2022,7,1528
Bỉ,2022,8,1651
Bỉ,2022,9,1524
Bỉ,2022,10,1198
Bỉ,2022,11,2112
Bỉ,2022,12,1619
Bỉ,2023,1,1742
Bỉ,2023,2,1838
Bỉ,2023,3,2337
Bỉ,2023,4,2563
Bỉ,2023,5,1690
Bỉ,2023,6,1138
Bỉ,2023,7,2891
Bỉ,2023,8,2871
Bỉ,2023,9,2096
Bỉ,2023,10,1799
Bỉ,2023,11,3081
Bỉ,2023,12,2307
Bỉ,2024,1,2495
Bỉ,2024,2,2396
Bỉ,2024,3,3384
Bỉ,2024,4,3305
Bỉ,2024,5,1904
Bỉ,2024,6,1194
Bỉ,2024,7,3271
Bỉ,2024,8,2492
Bỉ,2024,9,2149
Bỉ,2024,10,2726
Bỉ,2024,11,3762
Bỉ,2024,12,2652
Bỉ,2025,1,2531
Bỉ,2025,2,3164
Bỉ,2025,3,3874
Bỉ,2025,4,3570
Bỉ,2025,5,1868
Bỉ,2025,6,1290
Bỉ,2025,7,4878
Bỉ,2025,8,2899
Bỉ,2025,9,2556
Bỉ,2025,10,3083
Bỉ,2025,11,4726
Bỉ,2025,12,3127
Bỉ,2026,1,3237
Bỉ,2026,2,4208
Bỉ,2026,3,3915
Bỉ,2026,4,4083
Bỉ,2026,5,2892
Campuchia,2008,7,11777
Campuchia,2008,9,12033
Campuchia,2008,10,6875
Campuchia,2010,2,17342
Campuchia,2010,3,25773
Campuchia,2010,4,21990
Campuchia,2010,5,15919
Campuchia,2010,6,20571
Campuchia,2010,7,25867
Campuchia,2010,8,22392
Campuchia,2010,9,24789
Campuchia,2010,10,27474
Campuchia,2010,11,16325
Campuchia,2010,12,20839
Campuchia,2011,1,21577
Campuchia,2011,2,24992
Campuchia,2011,3,30017
Campuchia,2011,4,23362
Campuchia,2011,5,43856
Campuchia,2011,6,38628
Campuchia,2011,7,41242
Campuchia,2011,8,40013
Campuchia,2011,9,23566
Campuchia,2011,10,38795
Campuchia,2011,11,40571
Campuchia,2011,12,41781
Campuchia,2012,1,42085
Campuchia,2012,2,31655
Campuchia,2012,3,28887
Campuchia,2012,4,29988
Campuchia,2012,5,22184
Campuchia,2012,6,21607
Campuchia,2012,7,23033
Campuchia,2012,8,24613
Campuchia,2012,9,24916
Campuchia,2012,10,24187
Campuchia,2012,11,32940
Campuchia,2012,12,32589
Campuchia,2013,1,29605
Campuchia,2013,2,19086
Campuchia,2013,3,25399
Campuchia,2013,4,26854
Campuchia,2013,5,25829
Campuchia,2013,6,29096
Campuchia,2013,7,30633
Campuchia,2013,8,28593
Campuchia,2013,9,32630
Campuchia,2013,11,35373
Campuchia,2013,12,32191
Campuchia,2014,1,31299
Campuchia,2014,2,35357
Campuchia,2014,3,32484
Campuchia,2014,4,34345
Campuchia,2014,5,37422
Campuchia,2014,6,31863
Campuchia,2014,7,26537
Campuchia,2014,8,29066
Campuchia,2014,9,32839
Campuchia,2014,10,36634
Campuchia,2014,11,32131
Campuchia,2014,12,37422
Campuchia,2015,1,29977
Campuchia,2015,2,27953
Campuchia,2015,3,19756
Campuchia,2015,4,11730
Campuchia,2015,5,10627
Campuchia,2015,6,11739
Campuchia,2015,7,10281
Campuchia,2015,8,8714
Campuchia,2015,9,30810
Campuchia,2015,10,19429
Campuchia,2015,11,18929
Campuchia,2015,12,20504
Campuchia,2016,1,13355
Campuchia,2016,2,9868
Campuchia,2016,3,18415
Campuchia,2016,4,12594
Campuchia,2016,5,18625
Campuchia,2016,6,12113
Campuchia,2016,7,21097
Campuchia,2016,8,13951
Campuchia,2016,9,26318
Campuchia,2016,10,26358
Campuchia,2016,11,21662
Campuchia,2016,12,17593
Campuchia,2017,1,18012
Campuchia,2017,2,22861
Campuchia,2017,3,15314
Campuchia,2017,4,19002
Campuchia,2017,5,19905
Campuchia,2017,6,19999
Campuchia,2017,7,15979
Campuchia,2017,8,22408
Campuchia,2017,9,16414
Campuchia,2017,10,16348
Campuchia,2017,11,22086
Campuchia,2017,12,14286
Campuchia,2018,1,24606
Campuchia,2018,2,21101
Campuchia,2018,3,22022
Campuchia,2018,4,17976
Campuchia,2018,5,19013
Campuchia,2018,6,14672
Campuchia,2018,7,12303
Campuchia,2018,8,7594
Campuchia,2018,9,16839
Campuchia,2018,10,14963
Campuchia,2018,11,13310
Campuchia,2018,12,18555
Campuchia,2019,1,9521
Campuchia,2019,2,13696
Campuchia,2019,3,10774
Campuchia,2019,4,12844
Campuchia,2019,5,8345
Campuchia,2019,6,3335
Campuchia,2019,7,5289
Campuchia,2019,8,7075
Campuchia,2019,9,37633
Campuchia,2019,10,41656
Campuchia,2019,11,50270
Campuchia,2019,12,27472
Campuchia,2020,1,40930
Campuchia,2020,2,44280
Campuchia,2020,3,35220
Campuchia,2022,1,143
Campuchia,2022,2,728
Campuchia,2022,3,1090
Campuchia,2022,4,8316
Campuchia,2022,5,13674
Campuchia,2022,6,11919
Campuchia,2022,7,24576
Campuchia,2022,8,21575
Campuchia,2022,9,22940
Campuchia,2022,10,29918
Campuchia,2022,11,37596
Campuchia,2022,12,28432
Campuchia,2023,1,34046
Campuchia,2023,2,35771
Campuchia,2023,3,25699
Campuchia,2023,4,39985
Campuchia,2023,5,31828
Campuchia,2023,6,30487
Campuchia,2023,7,27512
Campuchia,2023,8,30915
Campuchia,2023,9,33579
Campuchia,2023,10,36463
Campuchia,2023,11,33063
Campuchia,2023,12,42714
Campuchia,2024,1,37279
Campuchia,2024,2,41832
Campuchia,2024,3,34635
Campuchia,2024,4,41906
Campuchia,2024,5,41239
Campuchia,2024,6,34600
Campuchia,2024,7,28532
Campuchia,2024,8,34934
Campuchia,2024,9,30770
Campuchia,2024,10,40030
Campuchia,2024,11,47815
Campuchia,2024,12,61008
Campuchia,2025,1,100150
Campuchia,2025,2,41916
Campuchia,2025,3,91845
Campuchia,2025,4,45626
Campuchia,2025,5,44981
Campuchia,2025,6,35753
Campuchia,2025,7,41151
Campuchia,2025,8,43211
Campuchia,2025,9,45237
Campuchia,2025,10,59784
Campuchia,2025,11,64601
Campuchia,2025,12,72877
Campuchia,2026,1,223025
Campuchia,2026,2,54205
Campuchia,2026,3,52872
Campuchia,2026,4,65731
Campuchia,2026,5,59291
Canada,2008,7,8857
Canada,2008,9,4965
Canada,2008,10,5363
Canada,2009,2,10013
Canada,2009,3,7051
Canada,2009,4,6668
Canada,2009,5,5440
Canada,2009,6,5359
Canada,2009,7,7384
Canada,2009,8,6186
Canada,2009,9,4238
Canada,2009,10,3472
Canada,2009,11,7809
Canada,2010,1,10043
Canada,2012,12,9043
Canada,2013,1,11743
Canada,2013,2,11157
Canada,2013,3,10222
Canada,2013,4,9024
Canada,2013,5,7300
Canada,2013,6,6528
Canada,2013,7,8712
Canada,2013,8,7085
Canada,2013,9,5756
Canada,2013,10,7220
Canada,2013,11,10631
Canada,2013,12,9595
Canada,2014,1,13494
Canada,2014,2,13800
Canada,2014,3,10231
Canada,2014,4,9032
Canada,2014,5,7790
Canada,2014,6,6741
Canada,2014,7,7716
Canada,2014,8,6994
Canada,2014,9,5857
Canada,2014,10,5970
Canada,2014,11,8554
Canada,2014,12,9100
Canada,2015,1,11375
Canada,2015,2,13821
Canada,2015,3,10790
Canada,2015,4,8587
Canada,2015,5,7148
Canada,2015,6,6280
Canada,2015,7,7757
Canada,2015,8,6777
Canada,2015,9,5130
Canada,2015,10,7067
Canada,2015,11,10494
Canada,2015,12,9963
Canada,2016,1,13383
Canada,2016,2,14963
Canada,2016,3,12333
Canada,2016,4,10116
Canada,2016,5,8759
Canada,2016,6,6883
Canada,2016,7,8911
Canada,2016,8,7738
Canada,2016,9,6560
Canada,2016,10,8438
Canada,2016,11,13010
Canada,2016,12,11835
Canada,2017,1,15712
Canada,2017,2,17642
Canada,2017,3,13762
Canada,2017,4,12244
Canada,2017,5,10324
Canada,2017,6,8253
Canada,2017,7,9491
Canada,2017,8,8595
Canada,2017,9,6664
Canada,2017,10,9067
Canada,2017,11,13766
Canada,2017,12,12722
Canada,2018,1,16340
Canada,2018,2,19207
Canada,2018,3,15379
Canada,2018,4,14517
Canada,2018,5,11302
Canada,2018,6,8420
Canada,2018,7,9749
Canada,2018,8,9143
Canada,2018,9,7718
Canada,2018,10,10171
Canada,2018,11,14390
Canada,2018,12,13199
Canada,2019,1,17358
Canada,2019,2,19195
Canada,2019,3,17212
Canada,2019,4,14364
Canada,2019,5,12365
Canada,2019,6,8971
Canada,2019,7,10951
Canada,2019,8,9736
Canada,2019,9,8472
Canada,2019,10,10647
Canada,2019,11,16028
Canada,2019,12,13822
Canada,2020,1,19692
Canada,2020,2,16049
Canada,2020,3,6066
Canada,2022,1,132
Canada,2022,2,430
Canada,2022,3,919
Canada,2022,4,1935
Canada,2022,5,2885
Canada,2022,6,2990
Canada,2022,7,3884
Canada,2022,8,5072
Canada,2022,9,5077
Canada,2022,10,7001
Canada,2022,11,10515
Canada,2022,12,10229
Canada,2023,1,13528
Canada,2023,2,16163
Canada,2023,3,14124
Canada,2023,4,12169
Canada,2023,5,10282
Canada,2023,6,7107
Canada,2023,7,7524
Canada,2023,8,8049
Canada,2023,9,7531
Canada,2023,10,10323
Canada,2023,11,14124
Canada,2023,12,12569
Canada,2024,1,14156
Canada,2024,2,18138
Canada,2024,3,17649
Canada,2024,4,15444
Canada,2024,5,11979
Canada,2024,6,7553
Canada,2024,7,6762
Canada,2024,8,8610
Canada,2024,9,8379
Canada,2024,10,12390
Canada,2024,11,17582
Canada,2024,12,13885
Canada,2025,1,18785
Canada,2025,2,21950
Canada,2025,3,19389
Canada,2025,4,14265
Canada,2025,5,11170
Canada,2025,6,7441
Canada,2025,7,10003
Canada,2025,8,9540
Canada,2025,9,8963
Canada,2025,10,13392
Canada,2025,11,20881
Canada,2025,12,17612
Canada,2026,1,23083
Canada,2026,2,26971
Canada,2026,3,24616
Canada,2026,4,20233
Canada,2026,5,14675
Cộng hòa Séc,2026,5,1321
Hoa Kỳ,2008,7,39812
Hoa Kỳ,2008,9,27215
Hoa Kỳ,2008,10,25769
Hoa Kỳ,2008,11,21495
Hoa Kỳ,2008,12,38404
Hoa Kỳ,2009,1,33379
Hoa Kỳ,2009,2,39773
Hoa Kỳ,2009,3,31368
Hoa Kỳ,2009,4,31314
Hoa Kỳ,2009,5,30785
Hoa Kỳ,2009,6,39318
Hoa Kỳ,2009,7,38625
Hoa Kỳ,2009,8,32207
Hoa Kỳ,2009,9,23599
Hoa Kỳ,2009,10,17662
Hoa Kỳ,2009,11,33063
Hoa Kỳ,2009,12,35841
Hoa Kỳ,2010,1,39146
Hoa Kỳ,2010,2,48307
Hoa Kỳ,2010,3,38529
Hoa Kỳ,2010,4,35444
Hoa Kỳ,2010,5,30502
Hoa Kỳ,2010,6,37180
Hoa Kỳ,2010,7,36098
Hoa Kỳ,2010,8,28897
Hoa Kỳ,2010,9,29110
Hoa Kỳ,2010,10,33185
Hoa Kỳ,2010,11,37335
Hoa Kỳ,2010,12,35585
Hoa Kỳ,2011,1,46800
Hoa Kỳ,2011,2,49787
Hoa Kỳ,2011,3,37107
Hoa Kỳ,2011,4,40641
Hoa Kỳ,2011,5,32304
Hoa Kỳ,2011,6,37223
Hoa Kỳ,2011,7,34764
Hoa Kỳ,2011,8,32308
Hoa Kỳ,2011,9,16613
Hoa Kỳ,2011,10,32371
Hoa Kỳ,2011,11,35166
Hoa Kỳ,2011,12,43402
Hoa Kỳ,2012,1,59326
Hoa Kỳ,2012,2,48585
Hoa Kỳ,2012,3,36875
Hoa Kỳ,2012,4,42600
Hoa Kỳ,2012,5,31197
Hoa Kỳ,2012,6,36298
Hoa Kỳ,2012,7,34370
Hoa Kỳ,2012,8,30601
Hoa Kỳ,2012,9,28913
Hoa Kỳ,2012,10,31295
Hoa Kỳ,2012,11,36673
Hoa Kỳ,2012,12,36480
Hoa Kỳ,2013,1,46364
Hoa Kỳ,2013,2,44019
Hoa Kỳ,2013,3,37273
Hoa Kỳ,2013,4,37497
Hoa Kỳ,2013,5,29141
Hoa Kỳ,2013,6,38340
Hoa Kỳ,2013,7,36723
Hoa Kỳ,2013,8,29732
Hoa Kỳ,2013,9,29126
Hoa Kỳ,2013,10,31579
Hoa Kỳ,2013,11,36555
Hoa Kỳ,2013,12,35879
Hoa Kỳ,2014,1,51800
Hoa Kỳ,2014,2,50533
Hoa Kỳ,2014,3,37718
Hoa Kỳ,2014,4,36160
Hoa Kỳ,2014,5,30772
Hoa Kỳ,2014,6,39307
Hoa Kỳ,2014,7,38881
Hoa Kỳ,2014,8,32067
Hoa Kỳ,2014,9,29150
Hoa Kỳ,2014,10,30234
Hoa Kỳ,2014,11,32316
Hoa Kỳ,2014,12,37007
Hoa Kỳ,2015,1,47757
Hoa Kỳ,2015,2,57308
Hoa Kỳ,2015,3,40666
Hoa Kỳ,2015,4,40290
Hoa Kỳ,2015,5,30912
Hoa Kỳ,2015,6,40533
Hoa Kỳ,2015,7,45229
Hoa Kỳ,2015,8,35725
Hoa Kỳ,2015,9,31368
Hoa Kỳ,2015,10,35754
Hoa Kỳ,2015,11,42378
Hoa Kỳ,2015,12,44927
Hoa Kỳ,2016,1,57378
Hoa Kỳ,2016,2,60140
Hoa Kỳ,2016,3,47220
Hoa Kỳ,2016,4,44786
Hoa Kỳ,2016,5,36033
Hoa Kỳ,2016,6,47403
Hoa Kỳ,2016,7,51520
Hoa Kỳ,2016,8,42322
Hoa Kỳ,2016,9,34847
Hoa Kỳ,2016,10,39658
Hoa Kỳ,2016,11,44890
Hoa Kỳ,2016,12,46447
Hoa Kỳ,2017,1,67262
Hoa Kỳ,2017,2,63519
Hoa Kỳ,2017,3,48880
Hoa Kỳ,2017,4,48860
Hoa Kỳ,2017,5,39740
Hoa Kỳ,2017,6,51943
Hoa Kỳ,2017,7,56832
Hoa Kỳ,2017,8,47522
Hoa Kỳ,2017,9,38847
Hoa Kỳ,2017,10,42949
Hoa Kỳ,2017,11,53990
Hoa Kỳ,2017,12,53773
Hoa Kỳ,2018,1,72638
Hoa Kỳ,2018,2,75168
Hoa Kỳ,2018,3,55881
Hoa Kỳ,2018,4,59778
Hoa Kỳ,2018,5,47200
Hoa Kỳ,2018,6,58976
Hoa Kỳ,2018,7,63851
Hoa Kỳ,2018,8,52459
Hoa Kỳ,2018,9,42683
Hoa Kỳ,2018,10,47859
Hoa Kỳ,2018,11,55842
Hoa Kỳ,2018,12,54891
Hoa Kỳ,2019,1,80658
Hoa Kỳ,2019,2,77423
Hoa Kỳ,2019,3,61619
Hoa Kỳ,2019,4,61296
Hoa Kỳ,2019,5,48237
Hoa Kỳ,2019,6,63851
Hoa Kỳ,2019,7,72627
Hoa Kỳ,2019,8,54684
Hoa Kỳ,2019,9,48718
Hoa Kỳ,2019,10,53312
Hoa Kỳ,2019,11,61451
Hoa Kỳ,2019,12,62295
Hoa Kỳ,2020,1,96548
Hoa Kỳ,2020,2,58505
Hoa Kỳ,2020,3,17653
Hoa Kỳ,2022,1,883
Hoa Kỳ,2022,2,2966
Hoa Kỳ,2022,3,6302
Hoa Kỳ,2022,4,12998
Hoa Kỳ,2022,5,17828
Hoa Kỳ,2022,6,27088
Hoa Kỳ,2022,7,34832
Hoa Kỳ,2022,8,36544
Hoa Kỳ,2022,9,37166
Hoa Kỳ,2022,10,41568
Hoa Kỳ,2022,11,47912
Hoa Kỳ,2022,12,52084
Hoa Kỳ,2023,1,77897
Hoa Kỳ,2023,2,69648
Hoa Kỳ,2023,3,59296
Hoa Kỳ,2023,4,56240
Hoa Kỳ,2023,5,43926
Hoa Kỳ,2023,6,66778
Hoa Kỳ,2023,7,71661
Hoa Kỳ,2023,8,57460
Hoa Kỳ,2023,9,45960
Hoa Kỳ,2023,10,50067
Hoa Kỳ,2023,11,59445
Hoa Kỳ,2023,12,58695
Hoa Kỳ,2024,1,75651
Hoa Kỳ,2024,2,80129
Hoa Kỳ,2024,3,76578
Hoa Kỳ,2024,4,69250
Hoa Kỳ,2024,5,48636
Hoa Kỳ,2024,6,64856
Hoa Kỳ,2024,7,62900
Hoa Kỳ,2024,8,51228
Hoa Kỳ,2024,9,49387
Hoa Kỳ,2024,10,58221
Hoa Kỳ,2024,11,69237
Hoa Kỳ,2024,12,73722
Hoa Kỳ,2025,1,92538
Hoa Kỳ,2025,2,87676
Hoa Kỳ,2025,3,78356
Hoa Kỳ,2025,4,64892
Hoa Kỳ,2025,5,51955
Hoa Kỳ,2025,6,73715
Hoa Kỳ,2025,7,72509
Hoa Kỳ,2025,8,51166
Hoa Kỳ,2025,9,49769
Hoa Kỳ,2025,10,62083
Hoa Kỳ,2025,11,81044
Hoa Kỳ,2025,12,83024
Hoa Kỳ,2026,1,103597
Hoa Kỳ,2026,2,105981
Hoa Kỳ,2026,3,92823
Hoa Kỳ,2026,4,82930
Hoa Kỳ,2026,5,60482
Hà Lan,2008,7,4555
Hà Lan,2008,9,2456
Hà Lan,2008,10,2927
Hà Lan,2012,12,3803
Hà Lan,2013,1,4253
Hà Lan,2013,2,3566
Hà Lan,2013,3,3585
Hà Lan,2013,4,3465
Hà Lan,2013,5,3152
Hà Lan,2013,6,2671
Hà Lan,2013,7,6223
Hà Lan,2013,8,5709
Hà Lan,2013,9,2987
Hà Lan,2013,10,3530
Hà Lan,2013,11,4422
Hà Lan,2013,12,3850
Hà Lan,2014,1,4569
Hà Lan,2014,2,4481
Hà Lan,2014,3,3985
Hà Lan,2014,4,4047
Hà Lan,2014,5,3137
Hà Lan,2014,6,2824
Hà Lan,2014,7,5836
Hà Lan,2014,8,6510
Hà Lan,2014,9,3033
Hà Lan,2014,10,3309
Hà Lan,2014,11,4124
Hà Lan,2014,12,3982
Hà Lan,2015,2,4980
Hà Lan,2015,3,3605
Hà Lan,2015,4,3553
Hà Lan,2015,5,3398
Hà Lan,2015,6,2596
Hà Lan,2015,7,6877
Hà Lan,2015,8,6570
Hà Lan,2015,9,3234
Hà Lan,2015,10,4054
Hà Lan,2015,11,5247
Hà Lan,2015,12,4748
Hà Lan,2016,1,5259
Hà Lan,2016,2,4843
Hà Lan,2016,3,4825
Hà Lan,2016,4,4704
Hà Lan,2016,5,4295
Hà Lan,2016,6,3266
Hà Lan,2016,7,7347
Hà Lan,2016,8,9616
Hà Lan,2016,9,4260
Hà Lan,2016,10,4948
Hà Lan,2016,11,6185
Hà Lan,2016,12,5164
Hà Lan,2017,1,6522
Hà Lan,2017,2,6074
Hà Lan,2017,3,5374
Hà Lan,2017,4,5313
Hà Lan,2017,5,4628
Hà Lan,2017,6,3966
Hà Lan,2017,7,8046
Hà Lan,2017,8,10693
Hà Lan,2017,9,4319
Hà Lan,2017,10,5181
Hà Lan,2017,11,6403
Hà Lan,2017,12,5758
Hà Lan,2018,1,7014
Hà Lan,2018,2,6531
Hà Lan,2018,3,6091
Hà Lan,2018,4,5819
Hà Lan,2018,5,5617
Hà Lan,2018,6,4202
Hà Lan,2018,7,8421
Hà Lan,2018,8,11198
Hà Lan,2018,9,4663
Hà Lan,2018,10,5305
Hà Lan,2018,11,6576
Hà Lan,2018,12,5863
Hà Lan,2019,1,6870
Hà Lan,2019,2,7079
Hà Lan,2019,3,6746
Hà Lan,2019,4,6166
Hà Lan,2019,5,5631
Hà Lan,2019,6,4591
Hà Lan,2019,7,8632
Hà Lan,2019,8,11705
Hà Lan,2019,9,5085
Hà Lan,2019,10,5621
Hà Lan,2019,11,7040
Hà Lan,2019,12,5926
Hà Lan,2020,1,7129
Hà Lan,2020,2,6941
Hà Lan,2020,3,4195
Hà Lan,2022,1,103
Hà Lan,2022,2,164
Hà Lan,2022,3,269
Hà Lan,2022,4,936
Hà Lan,2022,5,1671
Hà Lan,2022,6,1877
Hà Lan,2022,7,2712
Hà Lan,2022,8,5063
Hà Lan,2022,9,2801
Hà Lan,2022,10,3428
Hà Lan,2022,11,4257
Hà Lan,2022,12,4207
Hà Lan,2023,1,5156
Hà Lan,2023,2,5359
Hà Lan,2023,3,5347
Hà Lan,2023,4,5330
Hà Lan,2023,5,5007
Hà Lan,2023,6,3656
Hà Lan,2023,7,5286
Hà Lan,2023,8,10728
Hà Lan,2023,9,4427
Hà Lan,2023,10,5391
Hà Lan,2023,11,6776
Hà Lan,2023,12,5594
Hà Lan,2024,1,7017
Hà Lan,2024,2,7117
Hà Lan,2024,3,7844
Hà Lan,2024,4,6596
Hà Lan,2024,5,6245
Hà Lan,2024,6,3821
Hà Lan,2024,7,5743
Hà Lan,2024,8,8564
Hà Lan,2024,9,4730
Hà Lan,2024,10,6026
Hà Lan,2024,11,8040
Hà Lan,2024,12,6300
Hà Lan,2025,1,7595
Hà Lan,2025,2,8525
Hà Lan,2025,3,8870
Hà Lan,2025,4,8503
Hà Lan,2025,5,5126
Hà Lan,2025,6,3878
Hà Lan,2025,7,11913
Hà Lan,2025,8,8690
Hà Lan,2025,9,5109
Hà Lan,2025,10,6473
Hà Lan,2025,11,9482
Hà Lan,2025,12,7545
Hà Lan,2026,1,9458
Hà Lan,2026,2,10583
Hà Lan,2026,3,9620
Hà Lan,2026,4,9080
Hà Lan,2026,5,6240
Hàn Quốc,2008,7,32443
Hàn Quốc,2008,9,31805
Hàn Quốc,2008,10,33898
Hàn Quốc,2008,11,24360
Hàn Quốc,2008,12,32727
Hàn Quốc,2009,1,32997
Hàn Quốc,2009,2,39271
Hàn Quốc,2009,3,32572
Hàn Quốc,2009,4,31285
Hàn Quốc,2009,5,37659
Hàn Quốc,2009,6,31949
Hàn Quốc,2009,7,23906
Hàn Quốc,2009,8,36386
Hàn Quốc,2009,9,25389
Hàn Quốc,2009,10,15109
Hàn Quốc,2009,11,29917
Hàn Quốc,2009,12,34731
Hàn Quốc,2010,1,42068
Hàn Quốc,2010,2,44284
Hàn Quốc,2010,3,45722
Hàn Quốc,2010,4,43152
Hàn Quốc,2010,5,40716
Hàn Quốc,2010,6,35448
Hàn Quốc,2010,7,36827
Hàn Quốc,2010,8,42328
Hàn Quốc,2010,9,33861
Hàn Quốc,2010,10,39197
Hàn Quốc,2010,11,45797
Hàn Quốc,2010,12,45529
Hàn Quốc,2011,1,51794
Hàn Quốc,2011,2,50703
Hàn Quốc,2011,3,41462
Hàn Quốc,2011,4,43817
Hàn Quốc,2011,5,38488
Hàn Quốc,2011,6,39407
Hàn Quốc,2011,7,38948
Hàn Quốc,2011,8,52072
Hàn Quốc,2011,9,23449
Hàn Quốc,2011,10,47888
Hàn Quốc,2011,11,54729
Hàn Quốc,2011,12,52928
Hàn Quốc,2012,1,60624
Hàn Quốc,2012,2,81220
Hàn Quốc,2012,3,64484
Hàn Quốc,2012,4,68272
Hàn Quốc,2012,5,48409
Hàn Quốc,2012,6,46923
Hàn Quốc,2012,7,51075
Hàn Quốc,2012,8,59255
Hàn Quốc,2012,9,46208
Hàn Quốc,2012,10,52179
Hàn Quốc,2012,11,59774
Hàn Quốc,2012,12,64978
Hàn Quốc,2013,1,84283
Hàn Quốc,2013,2,72348
Hàn Quốc,2013,3,67745
Hàn Quốc,2013,4,55720
Hàn Quốc,2013,5,51101
Hàn Quốc,2013,6,54673
Hàn Quốc,2013,7,53269
Hàn Quốc,2013,8,65153
Hàn Quốc,2013,9,57784
Hàn Quốc,2013,10,56628
Hàn Quốc,2013,11,64161
Hàn Quốc,2013,12,65862
Hàn Quốc,2014,1,82277
Hàn Quốc,2014,2,86616
Hàn Quốc,2014,3,69603
Hàn Quốc,2014,4,60301
Hàn Quốc,2014,5,56187
Hàn Quốc,2014,6,50650
Hàn Quốc,2014,7,56450
Hàn Quốc,2014,8,87457
Hàn Quốc,2014,9,68983
Hàn Quốc,2014,10,69608
Hàn Quốc,2014,11,78129
Hàn Quốc,2014,12,83123
Hàn Quốc,2015,1,116450
Hàn Quốc,2015,2,145563
Hàn Quốc,2015,3,90804
Hàn Quốc,2015,4,85297
Hàn Quốc,2015,5,81557
Hàn Quốc,2015,6,72927
Hàn Quốc,2015,7,73108
Hàn Quốc,2015,8,104146
Hàn Quốc,2015,9,80199
Hàn Quốc,2015,10,86775
Hàn Quốc,2015,11,100782
Hàn Quốc,2015,12,114741
Hàn Quốc,2016,1,149330
Hàn Quốc,2016,2,142234
Hàn Quốc,2016,3,116593
Hàn Quốc,2016,4,111154
Hàn Quốc,2016,5,111952
Hàn Quốc,2016,6,109806
Hàn Quốc,2016,7,116960
Hàn Quốc,2016,8,147028
Hàn Quốc,2016,9,128911
Hàn Quốc,2016,10,123052
Hàn Quốc,2016,11,132698
Hàn Quốc,2016,12,154165
Hàn Quốc,2017,1,171932
Hàn Quốc,2017,2,192572
Hàn Quốc,2017,3,162960
Hàn Quốc,2017,4,174373
Hàn Quốc,2017,5,187359
Hàn Quốc,2017,6,177061
Hàn Quốc,2017,7,193569
Hàn Quốc,2017,8,240985
Hàn Quốc,2017,9,213538
Hàn Quốc,2017,10,219733
Hàn Quốc,2017,11,224056
Hàn Quốc,2017,12,257107
Hàn Quốc,2018,1,316314
Hàn Quốc,2018,2,303391
Hàn Quốc,2018,3,272757
Hàn Quốc,2018,4,281385
Hàn Quốc,2018,5,267909
Hàn Quốc,2018,6,271848
Hàn Quốc,2018,7,252396
Hàn Quốc,2018,8,320714
Hàn Quốc,2018,9,277249
Hàn Quốc,2018,10,303417
Hàn Quốc,2018,11,293481
Hàn Quốc,2018,12,324545
Hàn Quốc,2019,1,388977
Hàn Quốc,2019,2,383205
Hàn Quốc,2019,3,335612
Hàn Quốc,2019,4,338085
Hàn Quốc,2019,5,318326
Hàn Quốc,2019,6,314397
Hàn Quốc,2019,7,321493
Hàn Quốc,2019,8,401038
Hàn Quốc,2019,9,339560
Hàn Quốc,2019,10,361113
Hàn Quốc,2019,11,364260
Hàn Quốc,2019,12,424736
Hàn Quốc,2020,1,468423
Hàn Quốc,2020,2,321967
Hàn Quốc,2020,3,28699
Hàn Quốc,2022,1,3564
Hàn Quốc,2022,2,5079
Hàn Quốc,2022,3,5974
Hàn Quốc,2022,4,14025
Hàn Quốc,2022,5,27859
Hàn Quốc,2022,6,51363
Hàn Quốc,2022,7,88335
Hàn Quốc,2022,8,173599
Hàn Quốc,2022,9,119636
Hàn Quốc,2022,10,130185
Hàn Quốc,2022,11,144258
Hàn Quốc,2022,12,201489
Hàn Quốc,2023,1,258946
Hàn Quốc,2023,2,301343
Hàn Quốc,2023,3,250649
Hàn Quốc,2023,4,259357
Hàn Quốc,2023,5,247538
Hàn Quốc,2023,6,284350
Hàn Quốc,2023,7,286126
Hàn Quốc,2023,8,385904
Hàn Quốc,2023,9,310627
Hàn Quốc,2023,10,321171
Hàn Quốc,2023,11,316839
Hàn Quốc,2023,12,372212
Hàn Quốc,2024,1,417576
Hàn Quốc,2024,2,426506
Hàn Quốc,2024,3,388795
Hàn Quốc,2024,4,367939
Hàn Quốc,2024,5,351246
Hàn Quốc,2024,6,329617
Hàn Quốc,2024,7,309151
Hàn Quốc,2024,8,421158
Hàn Quốc,2024,9,355712
Hàn Quốc,2024,10,367022
Hàn Quốc,2024,11,399150
Hàn Quốc,2024,12,435069
Hàn Quốc,2025,1,417116
Hàn Quốc,2025,2,468026
Hàn Quốc,2025,3,374989
Hàn Quốc,2025,4,326140
Hàn Quốc,2025,5,318572
Hàn Quốc,2025,6,303130
Hàn Quốc,2025,7,317070
Hàn Quốc,2025,8,384167
Hàn Quốc,2025,9,328530
Hàn Quốc,2025,10,360941
Hàn Quốc,2025,11,343998
Hàn Quốc,2025,12,388732
Hàn Quốc,2026,1,489669
Hàn Quốc,2026,2,481589
Hàn Quốc,2026,3,355167
Hàn Quốc,2026,4,320062
Hàn Quốc,2026,5,277919
Hồng Kông,2008,7,375
Hồng Kông,2008,9,390
Hồng Kông,2008,10,644
Hồng Kông,2012,12,700
Hồng Kông,2013,1,887
Hồng Kông,2013,2,475
Hồng Kông,2013,3,423
Hồng Kông,2013,4,1087
Hồng Kông,2013,5,555
Hồng Kông,2013,6,767
Hồng Kông,2013,7,887
Hồng Kông,2013,8,853
Hồng Kông,2013,9,630
Hồng Kông,2013,10,722
Hồng Kông,2013,11,1129
Hồng Kông,2013,12,1817
Hồng Kông,2014,1,1660
Hồng Kông,2014,2,2736
Hồng Kông,2014,3,1421
Hồng Kông,2014,4,1943
Hồng Kông,2014,5,1825
Hồng Kông,2014,6,506
Hồng Kông,2014,7,644
Hồng Kông,2014,8,982
Hồng Kông,2014,9,790
Hồng Kông,2014,10,705
Hồng Kông,2014,11,627
Hồng Kông,2014,12,1032
Hồng Kông,2015,1,1094
Hồng Kông,2015,2,1061
Hồng Kông,2015,3,959
Hồng Kông,2015,4,1415
Hồng Kông,2015,5,1287
Hồng Kông,2015,6,1737
Hồng Kông,2015,7,1958
Hồng Kông,2015,8,2671
Hồng Kông,2015,9,2528
Hồng Kông,2015,10,2204
Hồng Kông,2015,11,1821
Hồng Kông,2016,1,2851
Hồng Kông,2016,2,2009
Hồng Kông,2016,3,2327
Hồng Kông,2016,4,2971
Hồng Kông,2016,5,2896
Hồng Kông,2016,6,3380
Hồng Kông,2016,7,2963
Hồng Kông,2016,8,3408
Hồng Kông,2016,9,2899
Hồng Kông,2016,10,2857
Hồng Kông,2016,11,3225
Hồng Kông,2016,12,2827
Hồng Kông,2017,1,2984
Hồng Kông,2017,2,3786
Hồng Kông,2017,3,3004
Hồng Kông,2017,4,3669
Hồng Kông,2017,5,3706
Hồng Kông,2017,6,4197
Hồng Kông,2017,7,3889
Hồng Kông,2017,8,4610
Hồng Kông,2017,9,5093
Hồng Kông,2017,10,4228
Hồng Kông,2017,11,3519
Hồng Kông,2017,12,5036
Hồng Kông,2018,1,5575
Hồng Kông,2018,2,3712
Hồng Kông,2018,3,4878
Hồng Kông,2018,4,4048
Hồng Kông,2018,5,3943
Hồng Kông,2018,6,5413
Hồng Kông,2018,7,4826
Hồng Kông,2018,8,6390
Hồng Kông,2018,9,6424
Hồng Kông,2018,10,5541
Hồng Kông,2018,11,5937
Hồng Kông,2018,12,5521
Hồng Kông,2019,1,6324
Hồng Kông,2019,2,4660
Hồng Kông,2019,3,5467
Hồng Kông,2019,4,2949
Hồng Kông,2019,5,3171
Hồng Kông,2019,6,2735
Hồng Kông,2019,7,2397
Hồng Kông,2019,8,2303
Hồng Kông,2019,9,1798
Hồng Kông,2019,10,16434
Hồng Kông,2019,11,2024
Hồng Kông,2019,12,1356
Hồng Kông,2020,1,1505
Hồng Kông,2020,2,1072
Hồng Kông,2020,3,1203
Hồng Kông,2022,1,1
Hồng Kông,2022,2,2
Hồng Kông,2022,3,3
Hồng Kông,2022,4,3
Hồng Kông,2022,5,4
Hồng Kông,2022,6,10
Hồng Kông,2022,7,8
Hồng Kông,2022,8,8
Hồng Kông,2022,9,14
Hồng Kông,2022,10,6
Hồng Kông,2022,11,10
Hồng Kông,2022,12,5
Hồng Kông,2023,1,9
Hồng Kông,2023,2,17
Hồng Kông,2023,3,27
Hồng Kông,2023,4,30
Hồng Kông,2023,5,8
Hồng Kông,2023,6,5
Hồng Kông,2023,7,4
Hồng Kông,2023,8,5
Hồng Kông,2023,9,3
Hồng Kông,2023,10,4
Indonesia,2008,7,1731
Indonesia,2008,9,2177
Indonesia,2008,10,2932
Indonesia,2012,12,5443
Indonesia,2013,1,7074
Indonesia,2013,2,4204
Indonesia,2013,3,5899
Indonesia,2013,4,6679
Indonesia,2013,5,5418
Indonesia,2013,6,5903
Indonesia,2013,7,5862
Indonesia,2013,8,7881
Indonesia,2013,9,4855
Indonesia,2013,10,5264
Indonesia,2013,11,6145
Indonesia,2013,12,5206
Indonesia,2014,1,6923
Indonesia,2014,2,4943
Indonesia,2014,3,5805
Indonesia,2014,4,6464
Indonesia,2014,5,5982
Indonesia,2014,6,6591
Indonesia,2014,7,3766
Indonesia,2014,8,7733
Indonesia,2014,9,5365
Indonesia,2014,10,5201
Indonesia,2014,11,5245
Indonesia,2014,12,4956
Indonesia,2015,1,6060
Indonesia,2015,2,7158
Indonesia,2015,3,4640
Indonesia,2015,4,4494
Indonesia,2015,5,5534
Indonesia,2015,6,4439
Indonesia,2015,7,6535
Indonesia,2015,8,5996
Indonesia,2015,9,4771
Indonesia,2015,10,5291
Indonesia,2015,11,5398
Indonesia,2015,12,5344
Indonesia,2016,1,6161
Indonesia,2016,2,3843
Indonesia,2016,3,6005
Indonesia,2016,4,5215
Indonesia,2016,5,6091
Indonesia,2016,6,4686
Indonesia,2016,7,8261
Indonesia,2016,8,5628
Indonesia,2016,9,5491
Indonesia,2016,10,5418
Indonesia,2016,11,6289
Indonesia,2016,12,6565
Indonesia,2017,1,6990
Indonesia,2017,2,4970
Indonesia,2017,3,6214
Indonesia,2017,4,6573
Indonesia,2017,5,6913
Indonesia,2017,6,5592
Indonesia,2017,7,11072
Indonesia,2017,8,6431
Indonesia,2017,9,6117
Indonesia,2017,10,6206
Indonesia,2017,11,7191
Indonesia,2017,12,6796
Indonesia,2018,1,8264
Indonesia,2018,2,5863
Indonesia,2018,3,6665
Indonesia,2018,4,7522
Indonesia,2018,5,6601
Indonesia,2018,6,9671
Indonesia,2018,7,7134
Indonesia,2018,8,7081
Indonesia,2018,9,8020
Indonesia,2018,10,6444
Indonesia,2018,11,7737
Indonesia,2018,12,6939
Indonesia,2019,1,9813
Indonesia,2019,2,6174
Indonesia,2019,3,8379
Indonesia,2019,4,12174
Indonesia,2019,5,7336
Indonesia,2019,6,10494
Indonesia,2019,7,8317
Indonesia,2019,8,7692
Indonesia,2019,9,9040
Indonesia,2019,10,8706
Indonesia,2019,11,9106
Indonesia,2019,12,9457
Indonesia,2020,1,12378
Indonesia,2020,2,5611
Indonesia,2020,3,3457
Indonesia,2022,1,82
Indonesia,2022,2,100
Indonesia,2022,3,166
Indonesia,2022,4,650
Indonesia,2022,5,2797
Indonesia,2022,6,2342
Indonesia,2022,7,3609
Indonesia,2022,8,3961
Indonesia,2022,9,5767
Indonesia,2022,10,5014
Indonesia,2022,11,5819
Indonesia,2022,12,5777
Indonesia,2023,1,8157
Indonesia,2023,2,5873
Indonesia,2023,3,6881
Indonesia,2023,4,6089
Indonesia,2023,5,10010
Indonesia,2023,6,7471
Indonesia,2023,7,8720
Indonesia,2023,8,7919
Indonesia,2023,9,9556
Indonesia,2023,10,10688
Indonesia,2023,11,11843
Indonesia,2023,12,12173
Indonesia,2024,1,17923
Indonesia,2024,2,12417
Indonesia,2024,3,15351
Indonesia,2024,4,19126
Indonesia,2024,5,15790
Indonesia,2024,6,15502
Indonesia,2024,7,14069
Indonesia,2024,8,12041
Indonesia,2024,9,13391
Indonesia,2024,10,15281
Indonesia,2024,11,15310
Indonesia,2024,12,17892
Indonesia,2025,1,19274
Indonesia,2025,2,16676
Indonesia,2025,3,12876
Indonesia,2025,4,23535
Indonesia,2025,5,17624
Indonesia,2025,6,16879
Indonesia,2025,7,16784
Indonesia,2025,8,14553
Indonesia,2025,9,16655
Indonesia,2025,10,15495
Indonesia,2025,11,18820
Indonesia,2025,12,18025
Indonesia,2026,1,27253
Indonesia,2026,2,18421
Indonesia,2026,3,24585
Indonesia,2026,4,23885
Indonesia,2026,5,21624
Lào,2008,7,2156
Lào,2008,9,4755
Lào,2008,10,1602
Lào,2012,12,13554
Lào,2013,1,10389
Lào,2013,2,6838
Lào,2013,3,8173
Lào,2013,4,8112
Lào,2013,5,7134
Lào,2013,6,9766
Lào,2013,7,17506
Lào,2013,8,15820
Lào,2013,9,12534
Lào,2013,10,8215
Lào,2013,11,9284
Lào,2013,12,9052
Lào,2014,1,8592
Lào,2014,2,13081
Lào,2014,3,9956
Lào,2014,4,11166
Lào,2014,5,13802
Lào,2014,6,13391
Lào,2014,7,16066
Lào,2014,8,15716
Lào,2014,9,10930
Lào,2014,10,9323
Lào,2014,11,6424
Lào,2014,12,8211
Lào,2015,1,8396
Lào,2015,2,9320
Lào,2015,3,9674
Lào,2015,4,10473
Lào,2015,5,3788
Lào,2015,6,6673
Lào,2015,7,9019
Lào,2015,8,12029
Lào,2015,9,16512
Lào,2015,10,11348
Lào,2015,11,9929
Lào,2015,12,9188
Lào,2016,1,7478
Lào,2016,2,7614
Lào,2016,3,11714
Lào,2016,4,9156
Lào,2016,5,11337
Lào,2016,6,8496
Lào,2016,7,16137
Lào,2016,8,12882
Lào,2016,9,15470
Lào,2016,10,11656
Lào,2016,11,13544
Lào,2016,12,11520
Lào,2017,1,10594
Lào,2017,2,17661
Lào,2017,3,7386
Lào,2017,4,9939
Lào,2017,5,11975
Lào,2017,6,10732
Lào,2017,7,14691
Lào,2017,8,20705
Lào,2017,9,11873
Lào,2017,10,8527
Lào,2017,11,8512
Lào,2017,12,8993
Lào,2018,1,9303
Lào,2018,2,8826
Lào,2018,3,16096
Lào,2018,4,8118
Lào,2018,5,10656
Lào,2018,6,7422
Lào,2018,7,15589
Lào,2018,8,9997
Lào,2018,9,10288
Lào,2018,10,8339
Lào,2018,11,6438
Lào,2018,12,8937
Lào,2019,1,6788
Lào,2019,2,11913
Lào,2019,3,7869
Lào,2019,4,7763
Lào,2019,5,8194
Lào,2019,6,4014
Lào,2019,7,5696
Lào,2019,8,6780
Lào,2019,9,12836
Lào,2019,10,9710
Lào,2019,11,9153
Lào,2019,12,7776
Lào,2020,1,9672
Lào,2020,2,14747
Lào,2020,3,12391
Lào,2022,1,1702
Lào,2022,2,1817
Lào,2022,3,1237
Lào,2022,4,1996
Lào,2022,5,4540
Lào,2022,6,7401
Lào,2022,7,11790
Lào,2022,8,16015
Lào,2022,9,9718
Lào,2022,10,6395
Lào,2022,11,7467
Lào,2022,12,7407
Lào,2023,1,7267
Lào,2023,2,14476
Lào,2023,3,6471
Lào,2023,4,8767
Lào,2023,5,7757
Lào,2023,6,9709
Lào,2023,7,15080
Lào,2023,8,16605
Lào,2023,9,11010
Lào,2023,10,7909
Lào,2023,11,7400
Lào,2023,12,8071
Lào,2024,1,7560
Lào,2024,2,14547
Lào,2024,3,11185
Lào,2024,4,10063
Lào,2024,5,10234
Lào,2024,6,11701
Lào,2024,7,16151
Lào,2024,8,19630
Lào,2024,9,10020
Lào,2024,10,8599
Lào,2024,11,9430
Lào,2024,12,19535
Lào,2025,1,15072
Lào,2025,2,18511
Lào,2025,3,17260
Lào,2025,4,11871
Lào,2025,5,12183
Lào,2025,6,13786
Lào,2025,7,25906
Lào,2025,8,19918
Lào,2025,9,13076
Lào,2025,10,10598
Lào,2025,11,10283
Lào,2025,12,10876
Lào,2026,1,11206
Lào,2026,2,15543
Lào,2026,3,19450
Lào,2026,4,14307
Lào,2026,5,13018
Malaysia,2008,7,13587
Malaysia,2008,9,13433
Malaysia,2008,10,14702
Malaysia,2008,11,12341
Malaysia,2008,12,19863
Malaysia,2009,1,18989
Malaysia,2009,2,14202
Malaysia,2009,3,13193
Malaysia,2009,4,13776
Malaysia,2009,5,13927
Malaysia,2009,6,14211
Malaysia,2009,7,10494
Malaysia,2009,8,11914
Malaysia,2009,9,12947
Malaysia,2009,10,8799
Malaysia,2009,11,15633
Malaysia,2009,12,20078
Malaysia,2010,1,13848
Malaysia,2010,2,14318
Malaysia,2010,3,15859
Malaysia,2010,4,16933
Malaysia,2010,5,16846
Malaysia,2010,6,20548
Malaysia,2010,7,16472
Malaysia,2010,8,16629
Malaysia,2010,9,17563
Malaysia,2010,10,17322
Malaysia,2010,11,20318
Malaysia,2010,12,23818
Malaysia,2011,1,17554
Malaysia,2011,2,18109
Malaysia,2011,3,18248
Malaysia,2011,4,16184
Malaysia,2011,5,20060
Malaysia,2011,6,22931
Malaysia,2011,7,21496
Malaysia,2011,8,17565
Malaysia,2011,9,14237
Malaysia,2011,10,18548
Malaysia,2011,11,23417
Malaysia,2011,12,23003
Malaysia,2012,1,20769
Malaysia,2012,2,25302
Malaysia,2012,3,24125
Malaysia,2012,4,23227
Malaysia,2012,5,22976
Malaysia,2012,6,29131
Malaysia,2012,7,23518
Malaysia,2012,8,20588
Malaysia,2012,9,21169
Malaysia,2012,10,21758
Malaysia,2012,11,31050
Malaysia,2012,12,35058
Malaysia,2013,1,23004
Malaysia,2013,2,23682
Malaysia,2013,3,23459
Malaysia,2013,4,29942
Malaysia,2013,5,27274
Malaysia,2013,6,35976
Malaysia,2013,7,26120
Malaysia,2013,8,22760
Malaysia,2013,9,24864
Malaysia,2013,10,25381
Malaysia,2013,11,34037
Malaysia,2013,12,43011
Malaysia,2014,1,25747
Malaysia,2014,2,26560
Malaysia,2014,3,28516
Malaysia,2014,4,35116
Malaysia,2014,5,31721
Malaysia,2014,6,34647
Malaysia,2014,7,16661
Malaysia,2014,8,19284
Malaysia,2014,9,25154
Malaysia,2014,10,21666
Malaysia,2014,11,28877
Malaysia,2014,12,39910
Malaysia,2015,1,25288
Malaysia,2015,2,19269
Malaysia,2015,3,29516
Malaysia,2015,4,29298
Malaysia,2015,5,29294
Malaysia,2015,6,35847
Malaysia,2015,7,21615
Malaysia,2015,8,24531
Malaysia,2015,9,30377
Malaysia,2015,10,26306
Malaysia,2015,11,30175
Malaysia,2015,12,39609
Malaysia,2016,1,29310
Malaysia,2016,2,30567
Malaysia,2016,3,34488
Malaysia,2016,4,33341
Malaysia,2016,5,35821
Malaysia,2016,6,36314
Malaysia,2016,7,26376
Malaysia,2016,8,26207
Malaysia,2016,9,35399
Malaysia,2016,10,32062
Malaysia,2016,11,39381
Malaysia,2016,12,48308
Malaysia,2017,1,32471
Malaysia,2017,2,38478
Malaysia,2017,3,42150
Malaysia,2017,4,39654
Malaysia,2017,5,43296
Malaysia,2017,6,35536
Malaysia,2017,7,32850
Malaysia,2017,8,31082
Malaysia,2017,9,39301
Malaysia,2017,10,40229
Malaysia,2017,11,43526
Malaysia,2017,12,61883
Malaysia,2018,1,44003
Malaysia,2018,2,42947
Malaysia,2018,3,42328
Malaysia,2018,4,48319
Malaysia,2018,5,42871
Malaysia,2018,6,44641
Malaysia,2018,7,31079
Malaysia,2018,8,37848
Malaysia,2018,9,47812
Malaysia,2018,10,40635
Malaysia,2018,11,52338
Malaysia,2018,12,65298
Malaysia,2019,1,48147
Malaysia,2019,2,43369
Malaysia,2019,3,52113
Malaysia,2019,4,61834
Malaysia,2019,5,47006
Malaysia,2019,6,46016
Malaysia,2019,7,38849
Malaysia,2019,8,45482
Malaysia,2019,9,50471
Malaysia,2019,10,46783
Malaysia,2019,11,55788
Malaysia,2019,12,70348
Malaysia,2020,1,50801
Malaysia,2020,2,42199
Malaysia,2020,3,23221
Malaysia,2022,1,177
Malaysia,2022,2,458
Malaysia,2022,3,607
Malaysia,2022,4,2682
Malaysia,2022,5,7578
Malaysia,2022,6,10758
Malaysia,2022,7,13603
Malaysia,2022,8,16299
Malaysia,2022,9,24521
Malaysia,2022,10,23315
Malaysia,2022,11,29181
Malaysia,2022,12,41691
Malaysia,2023,1,37267
Malaysia,2023,2,34992
Malaysia,2023,3,43044
Malaysia,2023,4,34480
Malaysia,2023,5,41718
Malaysia,2023,6,40415
Malaysia,2023,7,30516
Malaysia,2023,8,30261
Malaysia,2023,9,40703
Malaysia,2023,10,38585
Malaysia,2023,11,46825
Malaysia,2023,12,51299
Malaysia,2024,1,48504
Malaysia,2024,2,43014
Malaysia,2024,3,52195
Malaysia,2024,4,38112
Malaysia,2024,5,32377
Malaysia,2024,6,39385
Malaysia,2024,7,27509
Malaysia,2024,8,32202
Malaysia,2024,9,43219
Malaysia,2024,10,35932
Malaysia,2024,11,48446
Malaysia,2024,12,54488
Malaysia,2025,1,42935
Malaysia,2025,2,60051
Malaysia,2025,3,38114
Malaysia,2025,4,41239
Malaysia,2025,5,38178
Malaysia,2025,6,46352
Malaysia,2025,7,36933
Malaysia,2025,8,40246
Malaysia,2025,9,61214
Malaysia,2025,10,49261
Malaysia,2025,11,55507
Malaysia,2025,12,63686
Malaysia,2026,1,62441
Malaysia,2026,2,57578
Malaysia,2026,3,51354
Malaysia,2026,4,50613
Malaysia,2026,5,44785
Na Uy,2008,7,2735
Na Uy,2008,9,685
Na Uy,2008,10,918
Na Uy,2012,12,1734
Na Uy,2013,1,2030
Na Uy,2013,2,2027
Na Uy,2013,3,1680
Na Uy,2013,4,2090
Na Uy,2013,5,894
Na Uy,2013,6,1392
Na Uy,2013,7,4069
Na Uy,2013,8,1276
Na Uy,2013,9,892
Na Uy,2013,10,1291
Na Uy,2013,11,1796
Na Uy,2013,12,1720
Na Uy,2014,1,2836
Na Uy,2014,2,2549
Na Uy,2014,3,2016
Na Uy,2014,4,2106
Na Uy,2014,5,913
Na Uy,2014,6,1482
Na Uy,2014,7,4385
Na Uy,2014,8,1396
Na Uy,2014,9,860
Na Uy,2014,10,1154
Na Uy,2014,11,1679
Na Uy,2014,12,1789
Na Uy,2015,1,2106
Na Uy,2015,2,2378
Na Uy,2015,3,1746
Na Uy,2015,4,2031
Na Uy,2015,5,741
Na Uy,2015,6,1243
Na Uy,2015,7,3842
Na Uy,2015,8,1289
Na Uy,2015,9,907
Na Uy,2015,10,1342
Na Uy,2015,11,1798
Na Uy,2015,12,1707
Na Uy,2016,1,2375
Na Uy,2016,2,2821
Na Uy,2016,3,2553
Na Uy,2016,4,1752
Na Uy,2016,5,926
Na Uy,2016,6,1307
Na Uy,2016,7,4028
Na Uy,2016,8,1411
Na Uy,2016,9,969
Na Uy,2016,10,1325
Na Uy,2016,11,1885
Na Uy,2016,12,1758
Na Uy,2017,1,2334
Na Uy,2017,2,3102
Na Uy,2017,3,1886
Na Uy,2017,4,2417
Na Uy,2017,5,1013
Na Uy,2017,6,1405
Na Uy,2017,7,4620
Na Uy,2017,8,1474
Na Uy,2017,9,899
Na Uy,2017,10,1252
Na Uy,2017,11,1969
Na Uy,2017,12,1922
Na Uy,2018,1,2748
Na Uy,2018,2,3346
Na Uy,2018,3,2220
Na Uy,2018,4,2526
Na Uy,2018,5,1038
Na Uy,2018,6,1491
Na Uy,2018,7,4815
Na Uy,2018,8,1545
Na Uy,2018,9,975
Na Uy,2018,10,1328
Na Uy,2018,11,2117
Na Uy,2018,12,1985
Na Uy,2019,1,3063
Na Uy,2019,2,3831
Na Uy,2019,3,2494
Na Uy,2019,4,2646
Na Uy,2019,5,1030
Na Uy,2019,6,1445
Na Uy,2019,7,4801
Na Uy,2019,8,1823
Na Uy,2019,9,1066
Na Uy,2019,10,1399
Na Uy,2019,11,2192
Na Uy,2019,12,2247
Na Uy,2020,1,3656
Na Uy,2020,2,3656
Na Uy,2020,3,1646
Na Uy,2022,1,33
Na Uy,2022,3,125
Na Uy,2022,4,463
Na Uy,2022,5,515
Na Uy,2022,6,659
Na Uy,2022,7,1728
Na Uy,2022,8,913
Na Uy,2022,9,802
Na Uy,2022,10,912
Na Uy,2022,11,1236
Na Uy,2022,12,1372
Na Uy,2023,1,2209
Na Uy,2023,2,2357
Na Uy,2023,3,1787
Na Uy,2023,4,1782
Na Uy,2023,5,884
Na Uy,2023,6,1330
Na Uy,2023,7,4666
Na Uy,2023,8,1769
Na Uy,2023,9,1009
Na Uy,2023,10,1204
Na Uy,2023,11,1838
Na Uy,2023,12,1882
Na Uy,2024,1,2775
Na Uy,2024,2,3674
Na Uy,2024,3,2820
Na Uy,2024,4,2107
Na Uy,2024,5,947
Na Uy,2024,6,1249
Na Uy,2024,7,4636
Na Uy,2024,8,1186
Na Uy,2024,9,1199
Na Uy,2024,10,1484
Na Uy,2024,11,2468
Na Uy,2024,12,3391
Na Uy,2025,1,3764
Na Uy,2025,2,4068
Na Uy,2025,3,2922
Na Uy,2025,4,2337
Na Uy,2025,5,989
Na Uy,2025,6,2767
Na Uy,2025,7,5197
Na Uy,2025,8,1235
Na Uy,2025,9,1384
Na Uy,2025,10,1791
Na Uy,2025,11,2904
Na Uy,2025,12,3906
Na Uy,2026,1,4588
Na Uy,2026,2,5688
Na Uy,2026,3,3273
Na Uy,2026,4,2657
Na Uy,2026,5,1118
New Zealand,2008,7,2028
New Zealand,2008,9,1840
New Zealand,2008,10,2066
New Zealand,2012,12,2337
New Zealand,2013,1,3663
New Zealand,2013,2,1612
New Zealand,2013,3,1861
New Zealand,2013,4,2817
New Zealand,2013,5,2530
New Zealand,2013,6,2163
New Zealand,2013,7,3376
New Zealand,2013,8,2546
New Zealand,2013,9,2492
New Zealand,2013,10,2924
New Zealand,2013,11,2551
New Zealand,2013,12,2422
New Zealand,2014,1,4008
New Zealand,2014,2,2053
New Zealand,2014,3,2121
New Zealand,2014,4,3502
New Zealand,2014,5,2847
New Zealand,2014,6,2525
New Zealand,2014,7,3569
New Zealand,2014,8,2712
New Zealand,2014,9,2581
New Zealand,2014,10,2826
New Zealand,2014,11,2188
New Zealand,2014,12,2453
New Zealand,2015,1,3949
New Zealand,2015,2,4803
New Zealand,2015,3,1828
New Zealand,2015,4,3122
New Zealand,2015,5,2284
New Zealand,2015,6,2413
New Zealand,2015,7,3260
New Zealand,2015,8,2745
New Zealand,2015,9,2457
New Zealand,2015,10,2905
New Zealand,2015,11,2420
New Zealand,2015,12,2545
New Zealand,2016,1,3717
New Zealand,2016,2,2106
New Zealand,2016,3,2061
New Zealand,2016,4,3383
New Zealand,2016,5,2484
New Zealand,2016,6,3682
New Zealand,2016,7,5327
New Zealand,2016,8,4587
New Zealand,2016,9,4385
New Zealand,2016,10,4723
New Zealand,2016,11,3364
New Zealand,2016,12,2769
New Zealand,2017,1,4490
New Zealand,2017,2,2477
New Zealand,2017,3,2554
New Zealand,2017,4,4545
New Zealand,2017,5,3184
New Zealand,2017,6,3501
New Zealand,2017,7,6452
New Zealand,2017,8,5566
New Zealand,2017,9,4688
New Zealand,2017,10,5422
New Zealand,2017,11,3268
New Zealand,2017,12,2968
New Zealand,2018,1,5038
New Zealand,2018,2,2643
New Zealand,2018,3,2573
New Zealand,2018,4,4743
New Zealand,2018,5,3184
New Zealand,2018,6,3470
New Zealand,2018,7,6364
New Zealand,2018,8,5409
New Zealand,2018,9,4899
New Zealand,2018,10,5133
New Zealand,2018,11,3348
New Zealand,2018,12,3050
New Zealand,2019,1,4970
New Zealand,2019,2,2725
New Zealand,2019,3,2856
New Zealand,2019,4,5520
New Zealand,2019,5,3805
New Zealand,2019,6,3296
New Zealand,2019,7,5302
New Zealand,2019,8,3927
New Zealand,2019,9,3956
New Zealand,2019,10,4486
New Zealand,2019,11,3319
New Zealand,2019,12,2926
New Zealand,2020,1,5508
New Zealand,2020,2,2375
New Zealand,2020,3,1587
New Zealand,2022,1,21
New Zealand,2022,2,40
New Zealand,2022,3,49
New Zealand,2022,4,303
New Zealand,2022,5,490
New Zealand,2022,6,683
New Zealand,2022,7,1131
New Zealand,2022,8,1476
New Zealand,2022,9,1400
New Zealand,2022,10,1734
New Zealand,2022,11,2108
New Zealand,2022,12,1963
New Zealand,2023,2,2237
New Zealand,2023,3,2098
New Zealand,2023,4,3503
New Zealand,2023,5,3018
New Zealand,2023,6,2839
New Zealand,2023,7,3737
New Zealand,2023,8,3151
New Zealand,2023,9,3376
New Zealand,2023,10,3623
New Zealand,2023,11,3262
New Zealand,2023,12,2886
New Zealand,2024,1,5220
New Zealand,2024,2,2677
New Zealand,2024,3,2958
New Zealand,2024,4,5108
New Zealand,2024,5,3461
New Zealand,2024,6,3204
New Zealand,2024,7,4437
New Zealand,2024,8,3941
New Zealand,2024,9,3982
New Zealand,2024,10,4535
New Zealand,2024,11,4162
New Zealand,2024,12,4278
New Zealand,2025,1,5604
New Zealand,2025,2,3031
New Zealand,2025,3,3978
New Zealand,2025,4,6691
New Zealand,2025,5,3960
New Zealand,2025,6,4226
New Zealand,2025,7,5409
New Zealand,2025,8,4387
New Zealand,2025,9,5284
New Zealand,2025,10,4731
New Zealand,2025,11,5055
New Zealand,2025,12,4772
New Zealand,2026,1,6415
New Zealand,2026,2,3685
New Zealand,2026,3,4963
New Zealand,2026,4,8035
New Zealand,2026,5,5430
Nga,2008,7,2368
Nga,2008,9,3388
Nga,2008,10,4045
Nga,2012,2,20433
Nga,2012,3,17011
Nga,2012,4,18581
Nga,2012,5,11945
Nga,2012,12,13648
Nga,2013,1,25767
Nga,2013,2,28253
Nga,2013,3,30677
Nga,2013,4,28172
Nga,2013,5,23932
Nga,2013,6,17098
Nga,2013,7,16642
Nga,2013,8,18776
Nga,2013,9,16728
Nga,2013,10,22064
Nga,2013,11,35751
Nga,2013,12,34266
Nga,2014,1,48632
Nga,2014,2,43282
Nga,2014,3,39555
Nga,2014,4,23623
Nga,2014,5,19990
Nga,2014,6,18747
Nga,2014,7,22713
Nga,2014,8,24024
Nga,2014,9,24209
Nga,2014,10,14970
Nga,2014,11,50894
Nga,2014,12,34524
Nga,2015,1,34674
Nga,2015,2,33634
Nga,2015,3,27950
Nga,2015,4,28368
Nga,2015,5,21943
Nga,2015,6,22558
Nga,2015,7,21688
Nga,2015,8,22079
Nga,2015,9,23868
Nga,2015,10,23995
Nga,2015,11,37054
Nga,2015,12,41459
Nga,2016,1,42909
Nga,2016,2,30989
Nga,2016,3,34852
Nga,2016,4,35298
Nga,2016,5,36171
Nga,2016,6,24145
Nga,2016,7,28883
Nga,2016,8,32307
Nga,2016,9,33515
Nga,2016,10,31716
Nga,2016,11,53005
Nga,2016,12,50197
Nga,2017,1,58586
Nga,2017,2,59463
Nga,2017,3,57407
Nga,2017,4,55490
Nga,2017,5,44469
Nga,2017,6,38087
Nga,2017,7,34655
Nga,2017,8,36282
Nga,2017,9,36196
Nga,2017,10,36681
Nga,2017,11,59916
Nga,2017,12,56932
Nga,2018,1,74332
Nga,2018,2,66766
Nga,2018,3,62023
Nga,2018,4,58815
Nga,2018,5,38811
Nga,2018,6,37646
Nga,2018,7,34767
Nga,2018,8,40211
Nga,2018,9,41615
Nga,2018,10,40777
Nga,2018,11,56416
Nga,2018,12,54458
Nga,2019,1,75964
Nga,2019,2,70774
Nga,2019,3,68880
Nga,2019,4,58164
Nga,2019,5,45944
Nga,2019,6,39055
Nga,2019,7,38030
Nga,2019,8,39967
Nga,2019,9,41390
Nga,2019,10,41561
Nga,2019,11,65918
Nga,2019,12,60877
Nga,2020,1,88228
Nga,2020,2,84516
Nga,2020,3,72222
Nga,2022,1,1712
Nga,2022,2,2107
Nga,2022,3,1673
Nga,2022,4,1077
Nga,2022,5,1453
Nga,2022,6,1730
Nga,2022,7,2113
Nga,2022,8,2793
Nga,2022,9,3135
Nga,2022,10,4637
Nga,2022,11,7210
Nga,2022,12,10281
Nga,2023,1,12812
Nga,2023,2,11558
Nga,2023,3,10751
Nga,2023,4,10242
Nga,2023,5,8929
Nga,2023,6,7676
Nga,2023,7,7925
Nga,2023,8,8954
Nga,2023,9,9446
Nga,2023,10,9690
Nga,2023,11,13736
Nga,2023,12,13891
Nga,2024,1,19614
Nga,2024,2,19054
Nga,2024,3,20558
Nga,2024,4,19700
Nga,2024,5,16105
Nga,2024,6,13560
Nga,2024,7,14223
Nga,2024,8,19391
Nga,2024,9,17177
Nga,2024,10,18428
Nga,2024,11,25970
Nga,2024,12,28520
Nga,2025,1,42515
Nga,2025,2,36500
Nga,2025,3,45639
Nga,2025,4,41806
Nga,2025,5,43671
Nga,2025,6,49718
Nga,2025,7,55289
Nga,2025,8,61534
Nga,2025,9,58489
Nga,2025,10,66534
Nga,2025,11,91145
Nga,2025,12,96874
Nga,2026,1,125449
Nga,2026,2,121493
Nga,2026,3,120226
Nga,2026,4,137221
Nga,2026,5,113462
Nhật Bản,2008,7,27165
Nhật Bản,2008,9,40219
Nhật Bản,2008,10,35165
Nhật Bản,2008,11,24985
Nhật Bản,2008,12,34788
Nhật Bản,2009,1,34721
Nhật Bản,2009,2,34725
Nhật Bản,2009,3,31619
Nhật Bản,2009,4,29745
Nhật Bản,2009,5,28252
Nhật Bản,2009,6,21093
Nhật Bản,2009,7,20003
Nhật Bản,2009,8,31081
Nhật Bản,2009,9,38807
Nhật Bản,2009,10,23933
Nhật Bản,2009,11,34593
Nhật Bản,2009,12,32957
Nhật Bản,2010,1,33930
Nhật Bản,2010,2,36765
Nhật Bản,2010,3,39550
Nhật Bản,2010,4,36085
Nhật Bản,2010,5,34175
Nhật Bản,2010,6,29755
Nhật Bản,2010,7,29536
Nhật Bản,2010,8,37401
Nhật Bản,2010,9,40042
Nhật Bản,2010,10,37733
Nhật Bản,2010,11,43112
Nhật Bản,2010,12,43517
Nhật Bản,2011,1,45085
Nhật Bản,2011,3,43500
Nhật Bản,2011,4,41450
Nhật Bản,2011,5,35056
Nhật Bản,2011,6,31204
Nhật Bản,2011,7,33130
Nhật Bản,2011,8,45324
Nhật Bản,2011,9,27118
Nhật Bản,2011,10,41906
Nhật Bản,2011,11,48346
Nhật Bản,2011,12,47512
Nhật Bản,2012,1,56913
Nhật Bản,2012,2,51412
Nhật Bản,2012,3,50865
Nhật Bản,2012,4,52675
Nhật Bản,2012,5,40455
Nhật Bản,2012,6,36648
Nhật Bản,2012,7,40515
Nhật Bản,2012,8,46842
Nhật Bản,2012,9,51783
Nhật Bản,2012,10,46380
Nhật Bản,2012,11,53139
Nhật Bản,2012,12,51890
Nhật Bản,2013,1,51486
Nhật Bản,2013,2,47126
Nhật Bản,2013,3,57764
Nhật Bản,2013,4,48581
Nhật Bản,2013,5,45877
Nhật Bản,2013,6,43653
Nhật Bản,2013,7,44485
Nhật Bản,2013,8,54018
Nhật Bản,2013,9,57014
Nhật Bản,2013,10,47721
Nhật Bản,2013,11,55860
Nhật Bản,2013,12,50465
Nhật Bản,2014,1,57808
Nhật Bản,2014,2,54698
Nhật Bản,2014,3,58266
Nhật Bản,2014,4,51506
Nhật Bản,2014,5,50920
Nhật Bản,2014,6,44651
Nhật Bản,2014,7,44681
Nhật Bản,2014,8,62822
Nhật Bản,2014,9,61079
Nhật Bản,2014,10,50065
Nhật Bản,2014,11,55823
Nhật Bản,2014,12,56293
Nhật Bản,2015,1,57593
Nhật Bản,2015,2,59321
Nhật Bản,2015,3,61257
Nhật Bản,2015,4,48941
Nhật Bản,2015,5,49182
Nhật Bản,2015,6,46555
Nhật Bản,2015,7,50221
Nhật Bản,2015,8,63243
Nhật Bản,2015,9,68243
Nhật Bản,2015,10,53464
Nhật Bản,2015,11,60687
Nhật Bản,2015,12,58770
Nhật Bản,2016,1,63832
Nhật Bản,2016,2,59291
Nhật Bản,2016,3,69287
Nhật Bản,2016,4,53031
Nhật Bản,2016,5,56296
Nhật Bản,2016,6,54149
Nhật Bản,2016,7,57389
Nhật Bản,2016,8,69083
Nhật Bản,2016,9,72833
Nhật Bản,2016,10,56210
Nhật Bản,2016,11,65590
Nhật Bản,2016,12,63601
Nhật Bản,2017,1,66394
Nhật Bản,2017,2,63279
Nhật Bản,2017,3,71917
Nhật Bản,2017,4,59981
Nhật Bản,2017,5,61443
Nhật Bản,2017,6,55830
Nhật Bản,2017,7,58614
Nhật Bản,2017,8,80570
Nhật Bản,2017,9,80304
Nhật Bản,2017,10,59896
Nhật Bản,2017,11,70766
Nhật Bản,2017,12,69125
Nhật Bản,2018,1,71832
Nhật Bản,2018,2,65865
Nhật Bản,2018,3,77730
Nhật Bản,2018,4,64375
Nhật Bản,2018,5,64462
Nhật Bản,2018,6,59748
Nhật Bản,2018,7,60367
Nhật Bản,2018,8,81342
Nhật Bản,2018,9,77980
Nhật Bản,2018,10,60254
Nhật Bản,2018,11,72008
Nhật Bản,2018,12,70711
Nhật Bản,2019,1,79981
Nhật Bản,2019,2,70841
Nhật Bản,2019,3,82533
Nhật Bản,2019,4,69449
Nhật Bản,2019,5,86123
Nhật Bản,2019,6,66772
Nhật Bản,2019,7,68782
Nhật Bản,2019,8,96250
Nhật Bản,2019,9,91801
Nhật Bản,2019,10,74142
Nhật Bản,2019,11,85551
Nhật Bản,2019,12,79737
Nhật Bản,2020,1,89082
Nhật Bản,2020,2,73879
Nhật Bản,2020,3,37385
Nhật Bản,2022,1,1168
Nhật Bản,2022,2,1587
Nhật Bản,2022,3,1756
Nhật Bản,2022,4,4258
Nhật Bản,2022,5,7823
Nhật Bản,2022,6,11649
Nhật Bản,2022,7,17715
Nhật Bản,2022,8,25783
Nhật Bản,2022,9,24639
Nhật Bản,2022,10,23800
Nhật Bản,2022,11,26424
Nhật Bản,2022,12,28118
Nhật Bản,2023,1,34170
Nhật Bản,2023,2,36344
Nhật Bản,2023,3,46702
Nhật Bản,2023,4,43005
Nhật Bản,2023,5,43854
Nhật Bản,2023,6,37012
Nhật Bản,2023,7,42581
Nhật Bản,2023,8,65505
Nhật Bản,2023,9,65271
Nhật Bản,2023,10,54288
Nhật Bản,2023,11,58485
Nhật Bản,2023,12,62305
Nhật Bản,2024,1,60630
Nhật Bản,2024,2,46742
Nhật Bản,2024,3,71663
Nhật Bản,2024,4,56834
Nhật Bản,2024,5,53330
Nhật Bản,2024,6,46439
Nhật Bản,2024,7,44569
Nhật Bản,2024,8,80731
Nhật Bản,2024,9,68068
Nhật Bản,2024,10,55902
Nhật Bản,2024,11,71014
Nhật Bản,2024,12,55542
Nhật Bản,2025,1,72311
Nhật Bản,2025,2,75087
Nhật Bản,2025,3,78779
Nhật Bản,2025,4,54182
Nhật Bản,2025,5,61797
Nhật Bản,2025,6,51162
Nhật Bản,2025,7,55947
Nhật Bản,2025,8,90421
Nhật Bản,2025,9,78086
Nhật Bản,2025,10,60861
Nhật Bản,2025,11,75441
Nhật Bản,2025,12,60095
Nhật Bản,2026,1,84532
Nhật Bản,2026,2,67047
Nhật Bản,2026,3,93460
Nhật Bản,2026,4,64086
Nhật Bản,2026,5,73344
Philippines,2008,7,3776
Philippines,2008,9,3822
Philippines,2008,10,4045
Philippines,2012,12,7790
Philippines,2013,1,7739
Philippines,2013,2,6044
Philippines,2013,3,7631
Philippines,2013,4,9327
Philippines,2013,5,8983
Philippines,2013,6,9074
Philippines,2013,7,7611
Philippines,2013,8,8167
Philippines,2013,9,9010
Philippines,2013,10,8391
Philippines,2013,11,10213
Philippines,2013,12,8311
Philippines,2014,1,9381
Philippines,2014,2,8197
Philippines,2014,3,7765
Philippines,2014,4,10592
Philippines,2014,5,10348
Philippines,2014,6,9494
Philippines,2014,7,7463
Philippines,2014,8,8911
Philippines,2014,9,9360
Philippines,2014,10,7694
Philippines,2014,11,8242
Philippines,2014,12,7541
Philippines,2015,1,7555
Philippines,2015,2,7933
Philippines,2015,3,7310
Philippines,2015,4,9032
Philippines,2015,5,8591
Philippines,2015,6,9027
Philippines,2015,7,7563
Philippines,2015,8,8254
Philippines,2015,9,9070
Philippines,2015,10,8409
Philippines,2015,11,9794
Philippines,2015,12,8913
Philippines,2016,1,8688
Philippines,2016,2,7615
Philippines,2016,3,8514
Philippines,2016,4,9419
Philippines,2016,5,9235
Philippines,2016,6,9003
Philippines,2016,7,8695
Philippines,2016,8,9475
Philippines,2016,9,10339
Philippines,2016,10,9131
Philippines,2016,11,11858
Philippines,2016,12,8995
Philippines,2017,1,9889
Philippines,2017,2,10845
Philippines,2017,3,8656
Philippines,2017,4,11937
Philippines,2017,5,12426
Philippines,2017,6,11486
Philippines,2017,7,10228
Philippines,2017,8,11017
Philippines,2017,9,10915
Philippines,2017,10,10342
Philippines,2017,11,13778
Philippines,2017,12,12024
Philippines,2018,1,13137
Philippines,2018,2,10113
Philippines,2018,3,10518
Philippines,2018,4,12948
Philippines,2018,5,12707
Philippines,2018,6,13589
Philippines,2018,7,11219
Philippines,2018,8,12662
Philippines,2018,9,13227
Philippines,2018,10,12067
Philippines,2018,11,15097
Philippines,2018,12,14357
Philippines,2019,1,15764
Philippines,2019,2,12934
Philippines,2019,3,13430
Philippines,2019,4,16004
Philippines,2019,5,14789
Philippines,2019,6,14990
Philippines,2019,7,12789
Philippines,2019,8,13833
Philippines,2019,9,16248
Philippines,2019,10,15266
Philippines,2019,11,18164
Philippines,2019,12,14979
Philippines,2020,1,16419
Philippines,2020,2,12886
Philippines,2020,3,7664
Philippines,2022,1,176
Philippines,2022,2,218
Philippines,2022,3,389
Philippines,2022,4,1273
Philippines,2022,5,3127
Philippines,2022,6,3414
Philippines,2022,7,4388
Philippines,2022,8,5771
Philippines,2022,9,5942
Philippines,2022,10,6344
Philippines,2022,11,8611
Philippines,2022,12,9613
Philippines,2023,1,11714
Philippines,2023,2,11091
Philippines,2023,3,9523
Philippines,2023,4,12829
Philippines,2023,5,10610
Philippines,2023,6,11677
Philippines,2023,7,13319
Philippines,2023,8,15041
Philippines,2023,9,14076
Philippines,2023,10,12267
Philippines,2023,11,15710
Philippines,2023,12,15311
Philippines,2024,1,16877
Philippines,2024,2,15448
Philippines,2024,3,17023
Philippines,2024,4,19199
Philippines,2024,5,17389
Philippines,2024,6,20151
Philippines,2024,7,21791
Philippines,2024,8,24872
Philippines,2024,9,22475
Philippines,2024,10,25762
Philippines,2024,11,33153
Philippines,2024,12,31807
Philippines,2025,1,34578
Philippines,2025,2,30003
Philippines,2025,3,31673
Philippines,2025,4,39697
Philippines,2025,5,39578
Philippines,2025,6,42104
Philippines,2025,7,37034
Philippines,2025,8,40712
Philippines,2025,9,41372
Philippines,2025,10,43392
Philippines,2025,11,50702
Philippines,2025,12,51328
Philippines,2026,1,60524
Philippines,2026,2,50532
Philippines,2026,3,51915
Philippines,2026,4,72827
Philippines,2026,5,65875
Pháp,2008,7,13611
Pháp,2008,9,11832
Pháp,2008,10,12449
Pháp,2008,11,16705
Pháp,2008,12,16565
Pháp,2009,1,19308
Pháp,2009,2,16052
Pháp,2009,3,18547
Pháp,2009,4,18418
Pháp,2009,5,14971
Pháp,2009,6,10001
Pháp,2009,7,12468
Pháp,2009,8,17326
Pháp,2009,9,9929
Pháp,2009,10,8161
Pháp,2009,11,19612
Pháp,2009,12,15124
Pháp,2010,1,14916
Pháp,2010,2,19194
Pháp,2010,3,22388
Pháp,2010,4,19583
Pháp,2010,5,14355
Pháp,2010,6,10184
Pháp,2010,7,16085
Pháp,2010,8,19963
Pháp,2010,9,9880
Pháp,2010,10,13136
Pháp,2010,11,21736
Pháp,2010,12,17058
Pháp,2011,1,18964
Pháp,2011,2,20817
Pháp,2011,3,22589
Pháp,2011,4,19080
Pháp,2011,5,15327
Pháp,2011,6,10246
Pháp,2011,7,12787
Pháp,2011,8,22813
Pháp,2011,9,7315
Pháp,2011,10,12806
Pháp,2011,11,21531
Pháp,2011,12,20863
Pháp,2012,1,25270
Pháp,2012,2,22360
Pháp,2012,3,24378
Pháp,2012,4,23827
Pháp,2012,5,16540
Pháp,2012,6,9551
Pháp,2012,7,15584
Pháp,2012,8,20993
Pháp,2012,9,10470
Pháp,2012,10,15628
Pháp,2012,11,21840
Pháp,2012,12,16814
Pháp,2013,1,18477
Pháp,2013,2,16900
Pháp,2013,3,22594
Pháp,2013,4,22178
Pháp,2013,5,18715
Pháp,2013,6,10248
Pháp,2013,7,15829
Pháp,2013,8,21367
Pháp,2013,9,11329
Pháp,2013,10,13582
Pháp,2013,11,22092
Pháp,2013,12,16635
Pháp,2014,1,19835
Pháp,2014,2,21180
Pháp,2014,3,24419
Pháp,2014,4,22635
Pháp,2014,5,17701
Pháp,2014,6,10508
Pháp,2014,7,15872
Pháp,2014,8,21354
Pháp,2014,9,11286
Pháp,2014,10,13843
Pháp,2014,11,19640
Pháp,2014,12,16296
Pháp,2015,1,18780
Pháp,2015,2,20703
Pháp,2015,3,21543
Pháp,2015,4,21388
Pháp,2015,5,17129
Pháp,2015,6,9572
Pháp,2015,7,16618
Pháp,2015,8,20904
Pháp,2015,9,11321
Pháp,2015,10,14977
Pháp,2015,11,21099
Pháp,2015,12,17746
Pháp,2016,1,20645
Pháp,2016,2,21867
Pháp,2016,3,25085
Pháp,2016,4,25940
Pháp,2016,5,18757
Pháp,2016,6,11727
Pháp,2016,7,18193
Pháp,2016,8,23877
Pháp,2016,9,13522
Pháp,2016,10,16105
Pháp,2016,11,25028
Pháp,2016,12,20062
Pháp,2017,1,21601
Pháp,2017,2,26536
Pháp,2017,3,26739
Pháp,2017,4,30446
Pháp,2017,5,18295
Pháp,2017,6,12529
Pháp,2017,7,18211
Pháp,2017,8,25641
Pháp,2017,9,13214
Pháp,2017,10,15578
Pháp,2017,11,26645
Pháp,2017,12,19934
Pháp,2018,1,26657
Pháp,2018,2,27040
Pháp,2018,3,30176
Pháp,2018,4,30495
Pháp,2018,5,25466
Pháp,2018,6,13464
Pháp,2018,7,19646
Pháp,2018,8,26223
Pháp,2018,9,14324
Pháp,2018,10,17534
Pháp,2018,11,27625
Pháp,2018,12,21009
Pháp,2019,1,26992
Pháp,2019,2,28145
Pháp,2019,3,32185
Pháp,2019,4,32159
Pháp,2019,5,22459
Pháp,2019,6,13179
Pháp,2019,7,19558
Pháp,2019,8,26247
Pháp,2019,9,14967
Pháp,2019,10,18952
Pháp,2019,11,30916
Pháp,2019,12,21896
Pháp,2020,1,28419
Pháp,2020,2,28940
Pháp,2020,3,17121
Pháp,2022,1,322
Pháp,2022,2,629
Pháp,2022,3,688
Pháp,2022,4,3315
Pháp,2022,5,5943
Pháp,2022,6,5162
Pháp,2022,7,7409
Pháp,2022,8,10404
Pháp,2022,9,7948
Pháp,2022,10,9220
Pháp,2022,11,15968
Pháp,2022,12,14567
Pháp,2023,1,16698
Pháp,2023,2,19255
Pháp,2023,3,21013
Pháp,2023,4,20933
Pháp,2023,5,17914
Pháp,2023,6,10599
Pháp,2023,7,14402
Pháp,2023,8,21161
Pháp,2023,9,13162
Pháp,2023,10,14683
Pháp,2023,11,25331
Pháp,2023,12,20357
Pháp,2024,1,24123
Pháp,2024,2,24287
Pháp,2024,3,31396
Pháp,2024,4,30587
Pháp,2024,5,23303
Pháp,2024,6,12146
Pháp,2024,7,15273
Pháp,2024,8,23664
Pháp,2024,9,13937
Pháp,2024,10,22910
Pháp,2024,11,33027
Pháp,2024,12,24290
Pháp,2025,1,28012
Pháp,2025,2,35034
Pháp,2025,3,39370
Pháp,2025,4,35220
Pháp,2025,5,22528
Pháp,2025,6,13590
Pháp,2025,7,24534
Pháp,2025,8,28333
Pháp,2025,9,17026
Pháp,2025,10,26552
Pháp,2025,11,38957
Pháp,2025,12,28573
Pháp,2026,1,35101
Pháp,2026,2,40411
Pháp,2026,3,40259
Pháp,2026,4,38451
Pháp,2026,5,27440
Phần Lan,2008,7,404
Phần Lan,2008,9,297
Phần Lan,2008,10,400
Phần Lan,2012,12,1592
Phần Lan,2013,1,2562
Phần Lan,2013,2,1929
Phần Lan,2013,3,1410
Phần Lan,2013,4,897
Phần Lan,2013,5,546
Phần Lan,2013,6,802
Phần Lan,2013,7,1088
Phần Lan,2013,8,620
Phần Lan,2013,9,793
Phần Lan,2013,10,1458
Phần Lan,2013,11,1034
Phần Lan,2013,12,1530
Phần Lan,2014,1,2489
Phần Lan,2014,2,1962
Phần Lan,2014,3,1483
Phần Lan,2014,4,802
Phần Lan,2014,5,524
Phần Lan,2014,6,810
Phần Lan,2014,7,929
Phần Lan,2014,8,719
Phần Lan,2014,9,880
Phần Lan,2014,10,597
Phần Lan,2014,11,928
Phần Lan,2014,12,1744
Phần Lan,2015,1,3032
Phần Lan,2015,2,4054
Phần Lan,2015,3,1764
Phần Lan,2015,4,945
Phần Lan,2015,5,626
Phần Lan,2015,6,666
Phần Lan,2015,7,578
Phần Lan,2015,8,478
Phần Lan,2015,9,506
Phần Lan,2015,10,771
Phần Lan,2015,11,986
Phần Lan,2015,12,1877
Phần Lan,2016,1,3025
Phần Lan,2016,2,2770
Phần Lan,2016,3,2287
Phần Lan,2016,4,911
Phần Lan,2016,5,588
Phần Lan,2016,6,675
Phần Lan,2016,7,552
Phần Lan,2016,8,414
Phần Lan,2016,9,538
Phần Lan,2016,10,635
Phần Lan,2016,11,1345
Phần Lan,2016,12,2213
Phần Lan,2017,1,3570
Phần Lan,2017,2,2994
Phần Lan,2017,3,2419
Phần Lan,2017,4,1177
Phần Lan,2017,5,744
Phần Lan,2017,6,831
Phần Lan,2017,7,741
Phần Lan,2017,8,449
Phần Lan,2017,9,528
Phần Lan,2017,10,825
Phần Lan,2017,11,1364
Phần Lan,2017,12,2594
Phần Lan,2018,1,5266
Phần Lan,2018,2,3766
Phần Lan,2018,3,3265
Phần Lan,2018,4,2149
Phần Lan,2018,5,719
Phần Lan,2018,6,1003
Phần Lan,2018,7,696
Phần Lan,2018,8,498
Phần Lan,2018,9,632
Phần Lan,2018,10,1038
Phần Lan,2018,11,1267
Phần Lan,2018,12,2486
Phần Lan,2019,1,4649
Phần Lan,2019,2,3864
Phần Lan,2019,3,3081
Phần Lan,2019,4,1337
Phần Lan,2019,5,844
Phần Lan,2019,6,760
Phần Lan,2019,7,779
Phần Lan,2019,8,587
Phần Lan,2019,9,614
Phần Lan,2019,10,822
Phần Lan,2019,11,1489
Phần Lan,2019,12,2654
Phần Lan,2020,1,4401
Phần Lan,2020,2,3852
Phần Lan,2020,3,1741
Phần Lan,2022,1,9
Phần Lan,2022,2,24
Phần Lan,2022,3,36
Phần Lan,2022,4,161
Phần Lan,2022,5,245
Phần Lan,2022,6,433
Phần Lan,2022,7,562
Phần Lan,2022,8,72
Phần Lan,2022,9,351
Phần Lan,2022,10,514
Phần Lan,2022,11,694
Phần Lan,2022,12,845
Phần Lan,2023,1,1226
Phần Lan,2023,2,1235
Phần Lan,2023,3,891
Phần Lan,2023,4,721
Phần Lan,2023,5,680
Phần Lan,2023,6,721
Phần Lan,2023,7,586
Phần Lan,2023,8,453
Phần Lan,2023,9,491
Phần Lan,2023,10,701
Phần Lan,2023,11,913
Singapore,2008,7,11673
Singapore,2008,9,13278
Singapore,2008,10,11240
Singapore,2008,11,9926
Singapore,2008,12,21490
Singapore,2009,1,18295
Singapore,2011,6,18110
Singapore,2011,7,16053
Singapore,2012,12,22513
Singapore,2013,1,15513
Singapore,2013,2,12160
Singapore,2013,3,14996
Singapore,2013,4,15643
Singapore,2013,5,13663
Singapore,2013,6,19217
Singapore,2013,7,14720
Singapore,2013,8,14450
Singapore,2013,9,15907
Singapore,2013,11,18629
Singapore,2013,12,24861
Singapore,2014,1,16473
Singapore,2014,2,13854
Singapore,2014,3,18147
Singapore,2014,4,17118
Singapore,2014,5,15968
Singapore,2014,6,16767
Singapore,2014,7,13452
Singapore,2014,8,14319
Singapore,2014,9,15929
Singapore,2014,10,15836
Singapore,2014,11,18787
Singapore,2014,12,26220
Singapore,2015,1,19170
Singapore,2015,2,16160
Singapore,2015,3,17516
Singapore,2015,4,18098
Singapore,2015,5,16585
Singapore,2015,6,24054
Singapore,2015,7,16177
Singapore,2015,8,19206
Singapore,2015,9,19463
Singapore,2015,10,18565
Singapore,2015,11,21283
Singapore,2015,12,31219
Singapore,2016,1,21723
Singapore,2016,2,16307
Singapore,2016,3,21358
Singapore,2016,4,19945
Singapore,2016,5,20370
Singapore,2016,6,25009
Singapore,2016,7,16938
Singapore,2016,8,17842
Singapore,2016,9,21114
Singapore,2016,10,19139
Singapore,2016,11,23401
Singapore,2016,12,33895
Singapore,2017,1,22259
Singapore,2017,2,17695
Singapore,2017,3,22991
Singapore,2017,4,21971
Singapore,2017,5,22116
Singapore,2017,6,25414
Singapore,2017,7,19183
Singapore,2017,8,19283
Singapore,2017,9,22241
Singapore,2017,10,22131
Singapore,2017,11,24399
Singapore,2017,12,37975
Singapore,2018,1,25811
Singapore,2018,2,19736
Singapore,2018,3,22248
Singapore,2018,4,23905
Singapore,2018,5,21118
Singapore,2018,6,27856
Singapore,2018,7,18145
Singapore,2018,8,21272
Singapore,2018,9,22690
Singapore,2018,10,20928
Singapore,2018,11,24848
Singapore,2018,12,37689
Singapore,2019,1,25167
Singapore,2019,2,18441
Singapore,2019,3,24651
Singapore,2019,4,26242
Singapore,2019,5,22102
Singapore,2019,6,27686
Singapore,2019,7,21192
Singapore,2019,8,24276
Singapore,2019,9,25371
Singapore,2019,10,22728
Singapore,2019,11,30247
Singapore,2019,12,40866
Singapore,2020,1,26884
Singapore,2020,2,14959
Singapore,2020,3,9883
Singapore,2022,1,116
Singapore,2022,2,310
Singapore,2022,3,586
Singapore,2022,4,5279
Singapore,2022,5,11030
Singapore,2022,6,16384
Singapore,2022,7,16757
Singapore,2022,8,17247
Singapore,2022,9,20344
Singapore,2022,10,20145
Singapore,2022,11,26328
Singapore,2022,12,44335
Singapore,2023,1,31554
Singapore,2023,2,18973
Singapore,2023,3,25951
Singapore,2023,4,24538
Singapore,2023,5,21737
Singapore,2023,6,32202
Singapore,2023,7,24591
Singapore,2023,8,24383
Singapore,2023,9,25078
Singapore,2023,10,25057
Singapore,2023,11,29605
Singapore,2023,12,44526
Singapore,2024,1,34391
Singapore,2024,2,21862
Singapore,2024,3,26832
Singapore,2024,4,28050
Singapore,2024,5,24036
Singapore,2024,6,35041
Singapore,2024,7,20367
Singapore,2024,8,24313
Singapore,2024,9,26408
Singapore,2024,10,24733
Singapore,2024,11,35407
Singapore,2024,12,46055
Singapore,2025,1,25817
Singapore,2025,2,25851
Singapore,2025,3,30813
Singapore,2025,4,27666
Singapore,2025,5,28498
Singapore,2025,6,40364
Singapore,2025,7,26997
Singapore,2025,8,29169
Singapore,2025,9,33012
Singapore,2025,10,32506
Singapore,2025,11,39672
Singapore,2025,12,61055
Singapore,2026,1,39165
Singapore,2026,2,30549
Singapore,2026,3,37701
Singapore,2026,4,35580
Singapore,2026,5,35163
Thái Lan,2008,7,10498
Thái Lan,2008,9,14814
Thái Lan,2008,10,15325
Thái Lan,2008,11,14988
Thái Lan,2008,12,14125
Thái Lan,2009,1,16446
Thái Lan,2009,2,12247
Thái Lan,2009,3,13581
Thái Lan,2009,4,15980
Thái Lan,2009,5,15253
Thái Lan,2009,6,13902
Thái Lan,2009,7,9478
Thái Lan,2009,8,10593
Thái Lan,2009,9,10073
Thái Lan,2009,10,9233
Thái Lan,2009,11,13632
Thái Lan,2009,12,13883
Thái Lan,2010,1,11520
Thái Lan,2010,2,16757
Thái Lan,2010,3,18624
Thái Lan,2010,4,20948
Thái Lan,2010,5,18837
Thái Lan,2010,6,16453
Thái Lan,2010,7,15981
Thái Lan,2010,8,18235
Thái Lan,2010,9,17627
Thái Lan,2010,10,19463
Thái Lan,2010,11,20258
Thái Lan,2010,12,21459
Thái Lan,2011,1,19194
Thái Lan,2011,2,17269
Thái Lan,2011,5,14660
Thái Lan,2011,8,19007
Thái Lan,2011,9,10835
Thái Lan,2011,10,15280
Thái Lan,2011,11,20198
Thái Lan,2011,12,17940
Thái Lan,2012,5,21828
Thái Lan,2012,6,15493
Thái Lan,2012,7,16833
Thái Lan,2012,8,19695
Thái Lan,2012,9,17863
Thái Lan,2012,10,18130
Thái Lan,2012,11,25399
Thái Lan,2012,12,21639
Thái Lan,2013,1,21132
Thái Lan,2013,2,15488
Thái Lan,2013,3,23561
Thái Lan,2013,4,28269
Thái Lan,2013,5,21281
Thái Lan,2013,6,19625
Thái Lan,2013,7,22407
Thái Lan,2013,8,22862
Thái Lan,2013,9,20406
Thái Lan,2013,10,21263
Thái Lan,2013,11,25621
Thái Lan,2013,12,27053
Thái Lan,2014,1,24056
Thái Lan,2014,2,19093
Thái Lan,2014,3,22499
Thái Lan,2014,4,29804
Thái Lan,2014,5,27148
Thái Lan,2014,6,20458
Thái Lan,2014,7,19594
Thái Lan,2014,8,19648
Thái Lan,2014,9,19512
Thái Lan,2014,10,15407
Thái Lan,2014,11,15550
Thái Lan,2014,12,20734
Thái Lan,2015,1,18996
Thái Lan,2015,2,19376
Thái Lan,2015,3,15695
Thái Lan,2015,4,22109
Thái Lan,2015,5,14155
Thái Lan,2015,6,13430
Thái Lan,2015,7,11597
Thái Lan,2015,8,15066
Thái Lan,2015,9,14241
Thái Lan,2015,10,20989
Thái Lan,2015,11,23299
Thái Lan,2015,12,29072
Thái Lan,2016,1,24863
Thái Lan,2016,2,18616
Thái Lan,2016,3,23311
Thái Lan,2016,4,27574
Thái Lan,2016,5,25375
Thái Lan,2016,6,16031
Thái Lan,2016,7,17865
Thái Lan,2016,8,17785
Thái Lan,2016,9,18016
Thái Lan,2016,10,22835
Thái Lan,2016,11,27070
Thái Lan,2016,12,27643
Thái Lan,2017,1,29015
Thái Lan,2017,2,25205
Thái Lan,2017,3,24371
Thái Lan,2017,4,30643
Thái Lan,2017,5,24763
Thái Lan,2017,6,18391
Thái Lan,2017,7,17960
Thái Lan,2017,8,21373
Thái Lan,2017,9,19522
Thái Lan,2017,10,27918
Thái Lan,2017,11,29102
Thái Lan,2017,12,33324
Thái Lan,2018,1,32287
Thái Lan,2018,2,26134
Thái Lan,2018,3,25016
Thái Lan,2018,4,35828
Thái Lan,2018,5,26954
Thái Lan,2018,6,22540
Thái Lan,2018,7,18417
Thái Lan,2018,8,25420
Thái Lan,2018,9,23991
Thái Lan,2018,10,32817
Thái Lan,2018,11,37303
Thái Lan,2018,12,42603
Thái Lan,2019,1,45105
Thái Lan,2019,2,34877
Thái Lan,2019,3,44606
Thái Lan,2019,4,50189
Thái Lan,2019,5,40899
Thái Lan,2019,6,29642
Thái Lan,2019,7,32043
Thái Lan,2019,8,33594
Thái Lan,2019,9,34350
Thái Lan,2019,10,52604
Thái Lan,2019,11,53292
Thái Lan,2019,12,58601
Thái Lan,2020,1,63182
Thái Lan,2020,2,44372
Thái Lan,2020,3,18171
Thái Lan,2022,1,360
Thái Lan,2022,2,477
Thái Lan,2022,3,661
Thái Lan,2022,4,2407
Thái Lan,2022,5,7015
Thái Lan,2022,6,11116
Thái Lan,2022,7,17643
Thái Lan,2022,8,21459
Thái Lan,2022,9,21812
Thái Lan,2022,10,31650
Thái Lan,2022,11,38878
Thái Lan,2022,12,48768
Thái Lan,2023,1,54985
Thái Lan,2023,2,42219
Thái Lan,2023,3,47927
Thái Lan,2023,4,54503
Thái Lan,2023,5,36778
Thái Lan,2023,6,29551
Thái Lan,2023,7,23917
Thái Lan,2023,8,31294
Thái Lan,2023,9,30052
Thái Lan,2023,10,40596
Thái Lan,2023,11,49987
Thái Lan,2023,12,47365
Thái Lan,2024,1,40535
Thái Lan,2024,2,35057
Thái Lan,2024,3,42950
Thái Lan,2024,4,45248
Thái Lan,2024,5,33882
Thái Lan,2024,6,28921
Thái Lan,2024,7,20927
Thái Lan,2024,8,26574
Thái Lan,2024,9,26874
Thái Lan,2024,10,38795
Thái Lan,2024,11,37520
Thái Lan,2024,12,40771
Thái Lan,2025,1,40464
Thái Lan,2025,2,37518
Thái Lan,2025,3,46147
Thái Lan,2025,4,44759
Thái Lan,2025,5,36929
Thái Lan,2025,6,30154
Thái Lan,2025,7,29125
Thái Lan,2025,8,31279
Thái Lan,2025,9,30142
Thái Lan,2025,10,47694
Thái Lan,2025,11,40797
Thái Lan,2025,12,42767
Thái Lan,2026,1,44755
Thái Lan,2026,2,38682
Thái Lan,2026,3,48778
Thái Lan,2026,4,50812
Thái Lan,2026,5,40253
Thụy sĩ,2008,7,2046
Thụy sĩ,2008,9,1174
Thụy sĩ,2008,10,1476
Thụy sĩ,2012,12,2342
Thụy sĩ,2013,1,3279
Thụy sĩ,2013,2,2726
Thụy sĩ,2013,3,2413
Thụy sĩ,2013,4,2903
Thụy sĩ,2013,5,1723
Thụy sĩ,2013,6,1272
Thụy sĩ,2013,7,2661
Thụy sĩ,2013,8,2158
Thụy sĩ,2013,9,1373
Thụy sĩ,2013,10,1997
Thụy sĩ,2013,11,3478
Thụy sĩ,2013,12,2440
Thụy sĩ,2014,1,6091
Thụy sĩ,2014,2,3218
Thụy sĩ,2014,3,2665
Thụy sĩ,2014,4,3123
Thụy sĩ,2014,5,2037
Thụy sĩ,2014,6,1401
Thụy sĩ,2014,7,2779
Thụy sĩ,2014,8,2321
Thụy sĩ,2014,9,1377
Thụy sĩ,2014,10,2062
Thụy sĩ,2014,11,2857
Thụy sĩ,2014,12,2384
Thụy sĩ,2015,1,3506
Thụy sĩ,2015,3,2526
Thụy sĩ,2015,4,2830
Thụy sĩ,2015,5,1744
Thụy sĩ,2015,6,1178
Thụy sĩ,2015,7,2757
Thụy sĩ,2015,8,1955
Thụy sĩ,2015,9,1334
Thụy sĩ,2015,10,2131
Thụy sĩ,2015,11,3254
Thụy sĩ,2015,12,2550
Thụy sĩ,2016,1,3520
Thụy sĩ,2016,2,3325
Thụy sĩ,2016,3,3160
Thụy sĩ,2016,4,3064
Thụy sĩ,2016,5,1930
Thụy sĩ,2016,6,1101
Thụy sĩ,2016,7,2851
Thụy sĩ,2016,8,2396
Thụy sĩ,2016,9,1444
Thụy sĩ,2016,10,2345
Thụy sĩ,2016,11,3638
Thụy sĩ,2016,12,2701
Thụy sĩ,2017,1,3918
Thụy sĩ,2017,2,3598
Thụy sĩ,2017,3,2812
Thụy sĩ,2017,4,3660
Thụy sĩ,2017,5,1886
Thụy sĩ,2017,6,1469
Thụy sĩ,2017,7,2828
Thụy sĩ,2017,8,2416
Thụy sĩ,2017,9,1410
Thụy sĩ,2017,10,2467
Thụy sĩ,2017,11,3834
Thụy sĩ,2017,12,2825
Thụy sĩ,2018,1,4215
Thụy sĩ,2018,2,3409
Thụy sĩ,2018,3,2972
Thụy sĩ,2018,4,3672
Thụy sĩ,2018,5,2275
Thụy sĩ,2018,6,1513
Thụy sĩ,2018,7,2986
Thụy sĩ,2018,8,2375
Thụy sĩ,2018,9,1541
Thụy sĩ,2018,10,2445
Thụy sĩ,2018,11,3769
Thụy sĩ,2018,12,3369
Thụy sĩ,2019,1,4544
Thụy sĩ,2019,2,3965
Thụy sĩ,2019,3,3298
Thụy sĩ,2019,4,4187
Thụy sĩ,2019,5,2039
Thụy sĩ,2019,6,1336
Thụy sĩ,2019,7,2925
Thụy sĩ,2019,8,2558
Thụy sĩ,2019,9,1453
Thụy sĩ,2019,10,2585
Thụy sĩ,2019,11,4049
Thụy sĩ,2019,12,3638
Thụy sĩ,2020,1,5039
Thụy sĩ,2020,2,3801
Thụy sĩ,2020,3,2005
Thụy sĩ,2022,1,23
Thụy sĩ,2022,2,73
Thụy sĩ,2022,3,113
Thụy sĩ,2022,4,441
Thụy sĩ,2022,5,680
Thụy sĩ,2022,6,633
Thụy sĩ,2022,7,1362
Thụy sĩ,2022,8,1404
Thụy sĩ,2022,9,1024
Thụy sĩ,2022,10,1478
Thụy sĩ,2022,11,2209
Thụy sĩ,2022,12,1910
Thụy sĩ,2023,1,2676
Thụy sĩ,2023,2,2556
Thụy sĩ,2023,3,2330
Thụy sĩ,2023,4,3112
Thụy sĩ,2023,5,1784
Thụy sĩ,2023,6,1293
Thụy sĩ,2023,7,2215
Thụy sĩ,2023,8,2391
Thụy sĩ,2023,9,1406
Thụy sĩ,2023,10,2166
Thụy sĩ,2023,11,3304
Thụy sĩ,2023,12,2696
Thụy sĩ,2024,1,3658
Thụy sĩ,2024,2,3497
Thụy sĩ,2024,3,3275
Thụy sĩ,2024,4,3637
Thụy sĩ,2024,5,2245
Thụy sĩ,2024,6,1378
Thụy sĩ,2024,7,2304
Thụy sĩ,2024,8,1893
Thụy sĩ,2024,9,1577
Thụy sĩ,2024,10,2645
Thụy sĩ,2024,11,4085
Thụy sĩ,2024,12,3390
Thụy sĩ,2025,1,3999
Thụy sĩ,2025,2,4172
Thụy sĩ,2025,3,3734
Thụy sĩ,2025,4,4497
Thụy sĩ,2025,5,1648
Thụy sĩ,2025,6,1441
Thụy sĩ,2025,7,3664
Thụy sĩ,2025,8,2023
Thụy sĩ,2025,9,1987
Thụy sĩ,2025,10,3317
Thụy sĩ,2025,11,4886
Thụy sĩ,2025,12,4507
Thụy sĩ,2026,1,5067
Thụy sĩ,2026,2,5641
Thụy sĩ,2026,3,4441
Thụy sĩ,2026,4,5035
Thụy sĩ,2026,5,2496
Thụy Điển,2008,7,1679
Thụy Điển,2008,9,963
Thụy Điển,2008,10,1308
Thụy Điển,2012,12,3619
Thụy Điển,2013,1,5907
Thụy Điển,2013,2,3612
Thụy Điển,2013,3,3514
Thụy Điển,2013,4,2441
Thụy Điển,2013,5,1302
Thụy Điển,2013,6,1577
Thụy Điển,2013,7,2507
Thụy Điển,2013,8,1140
Thụy Điển,2013,9,1208
Thụy Điển,2013,10,1749
Thụy Điển,2013,11,2948
Thụy Điển,2013,12,3588
Thụy Điển,2014,1,3728
Thụy Điển,2014,2,4599
Thụy Điển,2014,3,3442
Thụy Điển,2014,4,2564
Thụy Điển,2014,5,1439
Thụy Điển,2014,6,1558
Thụy Điển,2014,7,2545
Thụy Điển,2014,8,1324
Thụy Điển,2014,9,1148
Thụy Điển,2014,10,1487
Thụy Điển,2014,11,2584
Thụy Điển,2014,12,3805
Thụy Điển,2015,1,5588
Thụy Điển,2015,2,6549
Thụy Điển,2015,3,3174
Thụy Điển,2015,4,2355
Thụy Điển,2015,5,1369
Thụy Điển,2015,6,1548
Thụy Điển,2015,7,2248
Thụy Điển,2015,8,1171
Thụy Điển,2015,9,1090
Thụy Điển,2015,10,1767
Thụy Điển,2015,11,3246
Thụy Điển,2015,12,4026
Thụy Điển,2016,1,6728
Thụy Điển,2016,2,4944
Thụy Điển,2016,3,4912
Thụy Điển,2016,4,3185
Thụy Điển,2016,5,1639
Thụy Điển,2016,6,1624
Thụy Điển,2016,7,2730
Thụy Điển,2016,8,1465
Thụy Điển,2016,9,1234
Thụy Điển,2016,10,1819
Thụy Điển,2016,11,3385
Thụy Điển,2016,12,4014
Thụy Điển,2017,1,8567
Thụy Điển,2017,2,6725
Thụy Điển,2017,3,5703
Thụy Điển,2017,4,3617
Thụy Điển,2017,5,1633
Thụy Điển,2017,6,1729
Thụy Điển,2017,7,2843
Thụy Điển,2017,8,1563
Thụy Điển,2017,9,1219
Thụy Điển,2017,10,1987
Thụy Điển,2017,11,3645
Thụy Điển,2017,12,4814
Thụy Điển,2018,1,10598
Thụy Điển,2018,2,8879
Thụy Điển,2018,3,5847
Thụy Điển,2018,4,3424
Thụy Điển,2018,5,1797
Thụy Điển,2018,6,1974
Thụy Điển,2018,7,2850
Thụy Điển,2018,8,1623
Thụy Điển,2018,9,1391
Thụy Điển,2018,10,2078
Thụy Điển,2018,11,3877
Thụy Điển,2018,12,5385
Thụy Điển,2019,1,11239
Thụy Điển,2019,2,10087
Thụy Điển,2019,3,6643
Thụy Điển,2019,4,3350
Thụy Điển,2019,5,1774
Thụy Điển,2019,6,1790
Thụy Điển,2019,7,2881
Thụy Điển,2019,8,1594
Thụy Điển,2019,9,1327
Thụy Điển,2019,10,1922
Thụy Điển,2019,11,3605
Thụy Điển,2019,12,4492
Thụy Điển,2020,1,10625
Thụy Điển,2020,2,7480
Thụy Điển,2020,3,3752
Thụy Điển,2022,1,24
Thụy Điển,2022,2,81
Thụy Điển,2022,3,133
Thụy Điển,2022,4,539
Thụy Điển,2022,5,574
Thụy Điển,2022,6,691
Thụy Điển,2022,7,1068
Thụy Điển,2022,8,795
Thụy Điển,2022,9,831
Thụy Điển,2022,10,1042
Thụy Điển,2022,11,1635
Thụy Điển,2022,12,2184
Thụy Điển,2023,1,3381
Thụy Điển,2023,2,3034
Thụy Điển,2023,3,2474
Thụy Điển,2023,4,2128
Thụy Điển,2023,5,1348
Thụy Điển,2023,6,1454
Thụy Điển,2023,7,2411
Thụy Điển,2023,8,1387
Thụy Điển,2023,9,1103
Thụy Điển,2023,10,1437
Thụy Điển,2023,11,2655
Thụy Điển,2023,12,2943
Thụy Điển,2024,1,4588
Thụy Điển,2024,2,4517
Thụy Điển,2024,3,3574
Thụy Điển,2024,4,2516
Thụy Điển,2024,5,1461
Thụy Điển,2024,6,1467
Thụy Điển,2024,7,2503
Thụy Điển,2024,8,1032
Thụy Điển,2024,9,1323
Thụy Điển,2024,10,2197
Thụy Điển,2024,11,3376
Thụy Điển,2024,12,5713
Thụy Điển,2025,1,6048
Thụy Điển,2025,2,5038
Thụy Điển,2025,3,3960
Thụy Điển,2025,4,2628
Thụy Điển,2025,5,1504
Thụy Điển,2025,6,2236
Thụy Điển,2025,7,2616
Thụy Điển,2025,8,1384
Thụy Điển,2025,9,1475
Thụy Điển,2025,10,2295
Thụy Điển,2025,11,3921
Thụy Điển,2025,12,6394
Thụy Điển,2026,1,7999
Thụy Điển,2026,2,6866
Thụy Điển,2026,3,4326
Thụy Điển,2026,4,3192
Thụy Điển,2026,5,1755
Trung Quốc,2008,7,44194
Trung Quốc,2008,9,45695
Trung Quốc,2008,10,38765
Trung Quốc,2008,11,52296
Trung Quốc,2008,12,59114
Trung Quốc,2009,1,60723
Trung Quốc,2009,2,41608
Trung Quốc,2009,3,33873
Trung Quốc,2009,4,35590
Trung Quốc,2009,5,39920
Trung Quốc,2009,6,39494
Trung Quốc,2009,7,34937
Trung Quốc,2009,8,39425
Trung Quốc,2009,9,55791
Trung Quốc,2009,10,54525
Trung Quốc,2009,11,64736
Trung Quốc,2009,12,51121
Trung Quốc,2010,1,59426
Trung Quốc,2010,2,69358
Trung Quốc,2010,3,90258
Trung Quốc,2010,4,84329
Trung Quốc,2010,5,53385
Trung Quốc,2010,6,71719
Trung Quốc,2010,7,74633
Trung Quốc,2010,8,86401
Trung Quốc,2010,9,77682
Trung Quốc,2010,10,95869
Trung Quốc,2010,11,61282
Trung Quốc,2010,12,72279
Trung Quốc,2011,1,76358
Trung Quốc,2011,2,114748
Trung Quốc,2011,3,96467
Trung Quốc,2011,4,87649
Trung Quốc,2011,5,130713
Trung Quốc,2011,6,115621
Trung Quốc,2011,7,123167
Trung Quốc,2011,8,143671
Trung Quốc,2011,9,69026
Trung Quốc,2011,10,145564
Trung Quốc,2011,11,152031
Trung Quốc,2011,12,139797
Trung Quốc,2012,1,147667
Trung Quốc,2012,2,142462
Trung Quốc,2012,3,101482
Trung Quốc,2012,4,121580
Trung Quốc,2012,5,90064
Trung Quốc,2012,6,79020
Trung Quốc,2012,7,90741
Trung Quốc,2012,8,120514
Trung Quốc,2012,9,98423
Trung Quốc,2012,10,103226
Trung Quốc,2012,11,160161
Trung Quốc,2012,12,141117
Trung Quốc,2013,1,143939
Trung Quốc,2013,2,130530
Trung Quốc,2013,3,129961
Trung Quốc,2013,4,153051
Trung Quốc,2013,5,148606
Trung Quốc,2013,6,129577
Trung Quốc,2013,7,173257
Trung Quốc,2013,8,190358
Trung Quốc,2013,9,169682
Trung Quốc,2013,10,176852
Trung Quốc,2013,11,190310
Trung Quốc,2013,12,181671
Trung Quốc,2014,1,158734
Trung Quốc,2014,2,238265
Trung Quốc,2014,3,190476
Trung Quốc,2014,4,216659
Trung Quốc,2014,5,194018
Trung Quốc,2014,6,136726
Trung Quốc,2014,7,123442
Trung Quốc,2014,8,135170
Trung Quốc,2014,9,148895
Trung Quốc,2014,10,143786
Trung Quốc,2014,11,129672
Trung Quốc,2014,12,133590
Trung Quốc,2015,1,119517
Trung Quốc,2015,2,117566
Trung Quốc,2015,3,103670
Trung Quốc,2015,4,187080
Trung Quốc,2015,5,163195
Trung Quốc,2015,6,113906
Trung Quốc,2015,7,136589
Trung Quốc,2015,8,159010
Trung Quốc,2015,9,150753
Trung Quốc,2015,10,175421
Trung Quốc,2015,11,175841
Trung Quốc,2015,12,169106
Trung Quốc,2016,1,147510
Trung Quốc,2016,2,218947
Trung Quốc,2016,3,214067
Trung Quốc,2016,4,208926
Trung Quốc,2016,5,221800
Trung Quốc,2016,6,193310
Trung Quốc,2016,7,263971
Trung Quốc,2016,8,283995
Trung Quốc,2016,9,235077
Trung Quốc,2016,10,240912
Trung Quốc,2016,11,251671
Trung Quốc,2016,12,216662
Trung Quốc,2017,1,247621
Trung Quốc,2017,2,403663
Trung Quốc,2017,3,297915
Trung Quốc,2017,4,322453
Trung Quốc,2017,5,300531
Trung Quốc,2017,6,315312
Trung Quốc,2017,7,329319
Trung Quốc,2017,8,436164
Trung Quốc,2017,9,283223
Trung Quốc,2017,10,309480
Trung Quốc,2017,11,348733
Trung Quốc,2017,12,413839
Trung Quốc,2018,1,418493
Trung Quốc,2018,2,483319
Trung Quốc,2018,3,454622
Trung Quốc,2018,4,419590
Trung Quốc,2018,5,377278
Trung Quốc,2018,6,415540
Trung Quốc,2018,7,404508
Trung Quốc,2018,8,428958
Trung Quốc,2018,9,407087
Trung Quốc,2018,10,371361
Trung Quốc,2018,11,380139
Trung Quốc,2018,12,405573
Trung Quốc,2019,1,373537
Trung Quốc,2019,2,516351
Trung Quốc,2019,3,391185
Trung Quốc,2019,4,426746
Trung Quốc,2019,5,427788
Trung Quốc,2019,6,347724
Trung Quốc,2019,7,406926
Trung Quốc,2019,8,482004
Trung Quốc,2019,9,604922
Trung Quốc,2019,10,597589
Trung Quốc,2019,11,673221
Trung Quốc,2019,12,558432
Trung Quốc,2020,1,644702
Trung Quốc,2020,2,193923
Trung Quốc,2020,3,33194
Trung Quốc,2022,1,3048
Trung Quốc,2022,2,4031
Trung Quốc,2022,3,7872
Trung Quốc,2022,4,7623
Trung Quốc,2022,5,9559
Trung Quốc,2022,6,10047
Trung Quốc,2022,7,10854
Trung Quốc,2022,8,11939
Trung Quốc,2022,9,13171
Trung Quốc,2022,10,13964
Trung Quốc,2022,11,15800
Trung Quốc,2022,12,16988
Trung Quốc,2023,1,15875
Trung Quốc,2023,2,55029
Trung Quốc,2023,3,69329
Trung Quốc,2023,4,111903
Trung Quốc,2023,5,146755
Trung Quốc,2023,6,158260
Trung Quốc,2023,7,180426
Trung Quốc,2023,8,212301
Trung Quốc,2023,9,172694
Trung Quốc,2023,10,184370
Trung Quốc,2023,11,202009
Trung Quốc,2023,12,234253
Trung Quốc,2024,1,242181
Trung Quốc,2024,2,295480
Trung Quốc,2024,3,352173
Trung Quốc,2024,4,357907
Trung Quốc,2024,5,357190
Trung Quốc,2024,6,286165
Trung Quốc,2024,7,249262
Trung Quốc,2024,8,307077
Trung Quốc,2024,9,257967
Trung Quốc,2024,10,305464
Trung Quốc,2024,11,339399
Trung Quốc,2024,12,387861
Trung Quốc,2025,1,574950
Trung Quốc,2025,2,380745
Trung Quốc,2025,3,630898
Trung Quốc,2025,4,368074
Trung Quốc,2025,5,407572
Trung Quốc,2025,6,364801
Trung Quốc,2025,7,391051
Trung Quốc,2025,8,414247
Trung Quốc,2025,9,361627
Trung Quốc,2025,10,433390
Trung Quốc,2025,11,467090
Trung Quốc,2025,12,487557
Trung Quốc,2026,1,459435
Trung Quốc,2026,2,463147
Trung Quốc,2026,3,482587
Trung Quốc,2026,4,449524
Trung Quốc,2026,5,443705
Tây Ban Nha,2008,7,2092
Tây Ban Nha,2008,9,2790
Tây Ban Nha,2008,10,2279
Tây Ban Nha,2012,12,2125
Tây Ban Nha,2013,1,1966
Tây Ban Nha,2013,2,1503
Tây Ban Nha,2013,3,1742
Tây Ban Nha,2013,4,2032
Tây Ban Nha,2013,5,1890
Tây Ban Nha,2013,6,1727
Tây Ban Nha,2013,7,3118
Tây Ban Nha,2013,8,6711
Tây Ban Nha,2013,9,3852
Tây Ban Nha,2013,10,3047
Tây Ban Nha,2013,11,3411
Tây Ban Nha,2013,12,2184
Tây Ban Nha,2014,1,2174
Tây Ban Nha,2014,2,2060
Tây Ban Nha,2014,3,2322
Tây Ban Nha,2014,4,2858
Tây Ban Nha,2014,5,2160
Tây Ban Nha,2014,6,2080
Tây Ban Nha,2014,7,3629
Tây Ban Nha,2014,8,8441
Tây Ban Nha,2014,9,4732
Tây Ban Nha,2014,10,3824
Tây Ban Nha,2014,11,3824
Tây Ban Nha,2014,12,2720
Tây Ban Nha,2015,1,2839
Tây Ban Nha,2015,2,2737
Tây Ban Nha,2015,3,2240
Tây Ban Nha,2015,4,2917
Tây Ban Nha,2015,5,2370
Tây Ban Nha,2015,6,2150
Tây Ban Nha,2015,7,3679
Tây Ban Nha,2015,8,9541
Tây Ban Nha,2015,9,5052
Tây Ban Nha,2015,10,4552
Tây Ban Nha,2015,11,4550
Tây Ban Nha,2015,12,2856
Tây Ban Nha,2016,1,3244
Tây Ban Nha,2016,2,2642
Tây Ban Nha,2016,3,3301
Tây Ban Nha,2016,4,3174
Tây Ban Nha,2016,5,3003
Tây Ban Nha,2016,6,2674
Tây Ban Nha,2016,7,4797
Tây Ban Nha,2016,8,12784
Tây Ban Nha,2016,9,6565
Tây Ban Nha,2016,10,5597
Tây Ban Nha,2016,11,5957
Tây Ban Nha,2016,12,4219
Tây Ban Nha,2017,1,4127
Tây Ban Nha,2017,2,3588
Tây Ban Nha,2017,3,3624
Tây Ban Nha,2017,4,4999
Tây Ban Nha,2017,5,3515
Tây Ban Nha,2017,6,3352
Tây Ban Nha,2017,7,5980
Tây Ban Nha,2017,8,14098
Tây Ban Nha,2017,9,8054
Tây Ban Nha,2017,10,6279
Tây Ban Nha,2017,11,6768
Tây Ban Nha,2017,12,5144
Tây Ban Nha,2018,1,4376
Tây Ban Nha,2018,2,3550
Tây Ban Nha,2018,3,3871
Tây Ban Nha,2018,4,5437
Tây Ban Nha,2018,5,3868
Tây Ban Nha,2018,6,4218
Tây Ban Nha,2018,7,6571
Tây Ban Nha,2018,8,16106
Tây Ban Nha,2018,9,9479
Tây Ban Nha,2018,10,7366
Tây Ban Nha,2018,11,7874
Tây Ban Nha,2018,12,4355
Tây Ban Nha,2019,1,4595
Tây Ban Nha,2019,2,3828
Tây Ban Nha,2019,3,4115
Tây Ban Nha,2019,4,5584
Tây Ban Nha,2019,5,4511
Tây Ban Nha,2019,6,4202
Tây Ban Nha,2019,7,7752
Tây Ban Nha,2019,8,17944
Tây Ban Nha,2019,9,10414
Tây Ban Nha,2019,10,7217
Tây Ban Nha,2019,11,8346
Tây Ban Nha,2019,12,5089
Tây Ban Nha,2020,1,5099
Tây Ban Nha,2020,2,4099
Tây Ban Nha,2020,3,2585
Tây Ban Nha,2022,1,93
Tây Ban Nha,2022,2,129
Tây Ban Nha,2022,3,76
Tây Ban Nha,2022,4,539
Tây Ban Nha,2022,5,966
Tây Ban Nha,2022,6,1126
Tây Ban Nha,2022,7,2021
Tây Ban Nha,2022,8,5397
Tây Ban Nha,2022,9,4407
Tây Ban Nha,2022,10,3945
Tây Ban Nha,2022,11,4466
Tây Ban Nha,2022,12,4296
Tây Ban Nha,2023,1,3377
Tây Ban Nha,2023,2,3160
Tây Ban Nha,2023,3,3738
Tây Ban Nha,2023,4,4821
Tây Ban Nha,2023,5,4158
Tây Ban Nha,2023,6,3428
Tây Ban Nha,2023,7,5242
Tây Ban Nha,2023,8,13439
Tây Ban Nha,2023,9,10501
Tây Ban Nha,2023,10,7682
Tây Ban Nha,2023,11,8874
Tây Ban Nha,2023,12,7667
Tây Ban Nha,2024,1,5209
Tây Ban Nha,2024,2,4498
Tây Ban Nha,2024,3,5671
Tây Ban Nha,2024,4,7044
Tây Ban Nha,2024,5,5588
Tây Ban Nha,2024,6,4317
Tây Ban Nha,2024,7,6291
Tây Ban Nha,2024,8,17093
Tây Ban Nha,2024,9,9034
Tây Ban Nha,2024,10,8685
Tây Ban Nha,2024,11,11291
Tây Ban Nha,2024,12,6649
Tây Ban Nha,2025,1,5584
Tây Ban Nha,2025,2,6052
Tây Ban Nha,2025,3,6430
Tây Ban Nha,2025,4,7256
Tây Ban Nha,2025,5,5562
Tây Ban Nha,2025,6,5152
Tây Ban Nha,2025,7,8340
Tây Ban Nha,2025,8,15922
Tây Ban Nha,2025,9,8240
Tây Ban Nha,2025,10,8846
Tây Ban Nha,2025,11,12270
Tây Ban Nha,2025,12,7788
Tây Ban Nha,2026,1,7493
Tây Ban Nha,2026,2,6172
Tây Ban Nha,2026,3,6412
Tây Ban Nha,2026,4,6042
Tây Ban Nha,2026,5,4742
Vương quốc Anh,2008,7,8066
Vương quốc Anh,2008,9,7605
Vương quốc Anh,2008,10,8397
Vương quốc Anh,2011,3,13653
Vương quốc Anh,2011,4,12594
Vương quốc Anh,2012,1,17863
Vương quốc Anh,2012,12,13685
Vương quốc Anh,2013,1,15933
Vương quốc Anh,2013,2,14780
Vương quốc Anh,2013,3,16318
Vương quốc Anh,2013,4,19147
Vương quốc Anh,2013,5,12609
Vương quốc Anh,2013,6,12253
Vương quốc Anh,2013,7,14421
Vương quốc Anh,2013,8,18070
Vương quốc Anh,2013,9,12600
Vương quốc Anh,2013,10,14325
Vương quốc Anh,2013,11,19433
Vương quốc Anh,2013,12,14774
Vương quốc Anh,2014,1,18857
Vương quốc Anh,2014,2,19744
Vương quốc Anh,2014,3,19670
Vương quốc Anh,2014,4,22774
Vương quốc Anh,2014,5,14783
Vương quốc Anh,2014,6,13529
Vương quốc Anh,2014,7,15020
Vương quốc Anh,2014,8,20427
Vương quốc Anh,2014,9,13173
Vương quốc Anh,2014,10,13597
Vương quốc Anh,2014,11,17513
Vương quốc Anh,2014,12,14632
Vương quốc Anh,2015,1,18120
Vương quốc Anh,2015,2,21284
Vương quốc Anh,2015,3,18345
Vương quốc Anh,2015,4,21186
Vương quốc Anh,2015,5,13235
Vương quốc Anh,2015,6,12873
Vương quốc Anh,2015,7,16738
Vương quốc Anh,2015,8,21000
Vương quốc Anh,2015,9,13573
Vương quốc Anh,2015,10,17456
Vương quốc Anh,2015,11,23285
Vương quốc Anh,2015,12,17771
Vương quốc Anh,2016,1,21851
Vương quốc Anh,2016,2,22802
Vương quốc Anh,2016,3,24019
Vương quốc Anh,2016,4,25903
Vương quốc Anh,2016,5,17524
Vương quốc Anh,2016,6,16209
Vương quốc Anh,2016,7,19365
Vương quốc Anh,2016,8,25171
Vương quốc Anh,2016,9,17050
Vương quốc Anh,2016,10,19154
Vương quốc Anh,2016,11,26509
Vương quốc Anh,2016,12,19284
Vương quốc Anh,2017,1,24094
Vương quốc Anh,2017,2,26861
Vương quốc Anh,2017,3,24061
Vương quốc Anh,2017,4,31447
Vương quốc Anh,2017,5,19891
Vương quốc Anh,2017,6,18689
Vương quốc Anh,2017,7,21672
Vương quốc Anh,2017,8,27652
Vương quốc Anh,2017,9,18707
Vương quốc Anh,2017,10,20666
Vương quốc Anh,2017,11,28350
Vương quốc Anh,2017,12,21447
Vương quốc Anh,2018,1,28449
Vương quốc Anh,2018,2,28505
Vương quốc Anh,2018,3,28854
Vương quốc Anh,2018,4,32442
Vương quốc Anh,2018,5,20203
Vương quốc Anh,2018,6,19595
Vương quốc Anh,2018,7,21879
Vương quốc Anh,2018,8,27516
Vương quốc Anh,2018,9,18594
Vương quốc Anh,2018,10,22009
Vương quốc Anh,2018,11,27568
Vương quốc Anh,2018,12,22500
Vương quốc Anh,2019,1,29545
Vương quốc Anh,2019,2,30967
Vương quốc Anh,2019,3,29367
Vương quốc Anh,2019,4,34169
Vương quốc Anh,2019,5,22235
Vương quốc Anh,2019,6,18770
Vương quốc Anh,2019,7,22178
Vương quốc Anh,2019,8,29491
Vương quốc Anh,2019,9,20633
Vương quốc Anh,2019,10,25006
Vương quốc Anh,2019,11,30165
Vương quốc Anh,2019,12,22558
Vương quốc Anh,2020,1,32114
Vương quốc Anh,2020,2,31446
Vương quốc Anh,2020,3,17873
Vương quốc Anh,2022,1,391
Vương quốc Anh,2022,2,481
Vương quốc Anh,2022,3,734
Vương quốc Anh,2022,4,3699
Vương quốc Anh,2022,5,5622
Vương quốc Anh,2022,6,6534
Vương quốc Anh,2022,7,8996
Vương quốc Anh,2022,8,12648
Vương quốc Anh,2022,9,10072
Vương quốc Anh,2022,10,12294
Vương quốc Anh,2022,11,16931
Vương quốc Anh,2022,12,15392
Vương quốc Anh,2023,1,21509
Vương quốc Anh,2023,2,22622
Vương quốc Anh,2023,3,23071
Vương quốc Anh,2023,4,28003
Vương quốc Anh,2023,5,18608
Vương quốc Anh,2023,6,15702
Vương quốc Anh,2023,7,17978
Vương quốc Anh,2023,8,23041
Vương quốc Anh,2023,9,16682
Vương quốc Anh,2023,10,18828
Vương quốc Anh,2023,11,26100
Vương quốc Anh,2023,12,21378
Vương quốc Anh,2024,1,29374
Vương quốc Anh,2024,2,29127
Vương quốc Anh,2024,3,33497
Vương quốc Anh,2024,4,36737
Vương quốc Anh,2024,5,21079
Vương quốc Anh,2024,6,17479
Vương quốc Anh,2024,7,17354
Vương quốc Anh,2024,8,23440
Vương quốc Anh,2024,9,16423
Vương quốc Anh,2024,10,23659
Vương quốc Anh,2024,11,31398
Vương quốc Anh,2024,12,26627
Vương quốc Anh,2025,1,33435
Vương quốc Anh,2025,2,39148
Vương quốc Anh,2025,3,41026
Vương quốc Anh,2025,4,41779
Vương quốc Anh,2025,5,23659
Vương quốc Anh,2025,6,20319
Vương quốc Anh,2025,7,26248
Vương quốc Anh,2025,8,27901
Vương quốc Anh,2025,9,19751
Vương quốc Anh,2025,10,27736
Vương quốc Anh,2025,11,36548
Vương quốc Anh,2025,12,30768
Vương quốc Anh,2026,1,41119
Vương quốc Anh,2026,2,43868
Vương quốc Anh,2026,3,42254
Vương quốc Anh,2026,4,44314
Vương quốc Anh,2026,5,26095
Úc,2008,7,22538
Úc,2008,9,18652
Úc,2008,10,18208
Úc,2008,11,11911
Úc,2008,12,23814
Úc,2009,1,20680
Úc,2009,2,18379
Úc,2009,3,15274
Úc,2009,4,20024
Úc,2009,5,14942
Úc,2009,6,14609
Úc,2009,7,15696
Úc,2009,8,13960
Úc,2009,9,16877
Úc,2009,10,12536
Úc,2009,11,20113
Úc,2009,12,25176
Úc,2010,1,31788
Úc,2010,2,23719
Úc,2010,3,22613
Úc,2010,4,26071
Úc,2010,5,17628
Úc,2010,6,19021
Úc,2010,7,23522
Úc,2010,8,17509
Úc,2010,9,21016
Úc,2010,10,23244
Úc,2010,11,22684
Úc,2010,12,26803
Úc,2011,1,40779
Úc,2011,2,26748
Úc,2011,3,20089
Úc,2011,4,26332
Úc,2011,5,19365
Úc,2011,6,17728
Úc,2011,7,18547
Úc,2011,8,19808
Úc,2011,9,11381
Úc,2011,10,25023
Úc,2011,11,25596
Úc,2011,12,28591
Úc,2012,1,30664
Úc,2012,2,29527
Úc,2012,3,23212
Úc,2012,4,27597
Úc,2012,5,19164
Úc,2012,6,19364
Úc,2012,7,20643
Úc,2012,8,19860
Úc,2012,9,22191
Úc,2012,10,20898
Úc,2012,11,24224
Úc,2012,12,28216
Úc,2013,1,41296
Úc,2013,2,23168
Úc,2013,3,22878
Úc,2013,4,31186
Úc,2013,5,21343
Úc,2013,6,20609
Úc,2013,7,31263
Úc,2013,8,22365
Úc,2013,9,24539
Úc,2013,11,23328
Úc,2013,12,29533
Úc,2014,1,46320
Úc,2014,2,26832
Úc,2014,3,22194
Úc,2014,4,32075
Úc,2014,5,22088
Úc,2014,6,20527
Úc,2014,7,30997
Úc,2014,8,22075
Úc,2014,9,24345
Úc,2014,10,25387
Úc,2014,11,20105
Úc,2014,12,29479
Úc,2015,1,39577
Úc,2015,2,45237
Úc,2015,3,20953
Úc,2015,4,31116
Úc,2015,5,18824
Úc,2015,6,19032
Úc,2015,7,28965
Úc,2015,8,21709
Úc,2015,9,23151
Úc,2015,10,24735
Úc,2015,11,22132
Úc,2015,12,28361
Úc,2016,1,42452
Úc,2016,2,26057
Úc,2016,3,23475
Úc,2016,4,31370
Úc,2016,5,20538
Úc,2016,6,21168
Úc,2016,7,30651
Úc,2016,8,23336
Úc,2016,9,24487
Úc,2016,10,26613
Úc,2016,11,23676
Úc,2016,12,26855
Úc,2017,1,44143
Úc,2017,2,27867
Úc,2017,3,23146
Úc,2017,4,35176
Úc,2017,5,24191
Úc,2017,6,27003
Úc,2017,7,36451
Úc,2017,8,28487
Úc,2017,9,29261
Úc,2017,10,32835
Úc,2017,11,28972
Úc,2017,12,32906
Úc,2018,1,50123
Úc,2018,2,32211
Úc,2018,3,26196
Úc,2018,4,39042
Úc,2018,5,26923
Úc,2018,6,26330
Úc,2018,7,36969
Úc,2018,8,28705
Úc,2018,9,28361
Úc,2018,10,33395
Úc,2018,11,27670
Úc,2018,12,31009
Úc,2019,1,50337
Úc,2019,2,30286
Úc,2019,3,27899
Úc,2019,4,38679
Úc,2019,5,28415
Úc,2019,6,24700
Úc,2019,7,34731
Úc,2019,8,27708
Úc,2019,9,29125
Úc,2019,10,34606
Úc,2019,11,27355
Úc,2019,12,29670
Úc,2020,1,53891
Úc,2020,2,24515
Úc,2020,3,13821
Úc,2022,1,214
Úc,2022,2,1080
Úc,2022,3,1695
Úc,2022,4,5716
Úc,2022,5,8159
Úc,2022,6,11515
Úc,2022,7,17201
Úc,2022,8,15781
Úc,2022,9,17413
Úc,2022,10,19922
Úc,2022,11,21298
Úc,2022,12,24742
Úc,2023,1,44225
Úc,2023,2,27388
Úc,2023,3,25294
Úc,2023,4,33802
Úc,2023,5,26838
Úc,2023,6,27252
Úc,2023,7,36608
Úc,2023,8,30423
Úc,2023,9,31306
Úc,2023,10,36678
Úc,2023,11,33233
Úc,2023,12,37040
Úc,2024,1,62100
Úc,2024,2,35305
Úc,2024,3,35137
Úc,2024,4,47585
Úc,2024,5,33121
Úc,2024,6,30169
Úc,2024,7,37853
Úc,2024,8,33433
Úc,2024,9,40600
Úc,2024,10,40392
Úc,2024,11,44039
Úc,2024,12,51146
Úc,2025,1,66504
Úc,2025,2,38313
Úc,2025,3,42303
Úc,2025,4,58379
Úc,2025,5,35597
Úc,2025,6,34869
Úc,2025,7,47701
Úc,2025,8,34313
Úc,2025,9,43255
Úc,2025,10,46236
Úc,2025,11,48410
Úc,2025,12,52591
Úc,2026,1,75021
Úc,2026,2,45121
Úc,2026,3,54035
Úc,2026,4,71861
Úc,2026,5,46236
Ý,2008,7,1284
Ý,2008,9,1194
Ý,2008,10,1330
Ý,2012,12,2361
Ý,2013,1,3651
Ý,2013,2,2441
Ý,2013,3,3054
Ý,2013,4,2341
Ý,2013,5,2187
Ý,2013,6,1673
Ý,2013,7,1953
Ý,2013,8,4733
Ý,2013,9,2176
Ý,2013,10,2186
Ý,2013,11,3361
Ý,2013,12,2387
Ý,2014,1,4210
Ý,2014,2,3502
Ý,2014,3,3329
Ý,2014,4,2829
Ý,2014,5,2231
Ý,2014,6,1919
Ý,2014,7,1879
Ý,2014,8,5524
Ý,2014,9,2309
Ý,2014,10,2377
Ý,2014,11,3564
Ý,2014,12,2836
Ý,2015,1,4745
Ý,2015,2,6358
Ý,2015,3,3512
Ý,2015,4,2864
Ý,2015,5,2263
Ý,2015,6,1927
Ý,2015,7,2280
Ý,2015,8,5505
Ý,2015,9,2684
Ý,2015,10,2908
Ý,2015,11,4591
Ý,2015,12,3565
Ý,2016,1,6111
Ý,2016,2,4178
Ý,2016,3,4679
Ý,2016,4,3850
Ý,2016,5,3079
Ý,2016,6,2502
Ý,2016,7,3026
Ý,2016,8,7552
Ý,2016,9,3347
Ý,2016,10,3558
Ý,2016,11,5298
Ý,2016,12,4085
Ý,2017,1,6812
Ý,2017,2,5188
Ý,2017,3,4987
Ý,2017,4,4902
Ý,2017,5,3532
Ý,2017,6,2792
Ý,2017,7,3164
Ý,2017,8,8213
Ý,2017,9,3782
Ý,2017,10,3669
Ý,2017,11,6189
Ý,2017,12,4811
Ý,2018,1,8414
Ý,2018,2,6319
Ý,2018,3,6060
Ý,2018,4,5411
Ý,2018,5,3874
Ý,2018,6,3105
Ý,2018,7,3412
Ý,2018,8,9043
Ý,2018,9,3998
Ý,2018,10,3794
Ý,2018,11,6750
Ý,2018,12,5382
Ý,2019,1,8741
Ý,2019,2,6799
Ý,2019,3,7387
Ý,2019,4,6035
Ý,2019,5,4532
Ý,2019,6,3228
Ý,2019,7,3457
Ý,2019,8,9542
Ý,2019,9,4313
Ý,2019,10,4485
Ý,2019,11,7193
Ý,2019,12,5086
Ý,2020,1,10018
Ý,2020,2,6215
Ý,2020,3,1541
Ý,2022,1,144
Ý,2022,2,143
Ý,2022,3,149
Ý,2022,4,750
Ý,2022,5,1219
Ý,2022,6,1297
Ý,2022,7,1555
Ý,2022,8,3312
Ý,2022,9,2441
Ý,2022,10,2423
Ý,2022,11,3395
Ý,2022,12,3480
Ý,2023,1,4691
Ý,2023,2,4149
Ý,2023,3,4814
Ý,2023,4,4407
Ý,2023,5,3964
Ý,2023,6,2733
Ý,2023,7,3242
Ý,2023,8,8292
Ý,2023,9,5131
Ý,2023,10,3858
Ý,2023,11,5983
Ý,2023,12,5790
Ý,2024,1,9430
Ý,2024,2,6681
Ý,2024,3,8492
Ý,2024,4,7442
Ý,2024,5,6014
Ý,2024,6,3331
Ý,2024,7,3709
Ý,2024,8,14430
Ý,2024,9,4721
Ý,2024,10,5719
Ý,2024,11,10723
Ý,2024,12,8220
Ý,2025,1,11490
Ý,2025,2,9699
Ý,2025,3,10544
Ý,2025,4,10763
Ý,2025,5,4946
Ý,2025,6,3866
Ý,2025,7,5491
Ý,2025,8,16210
Ý,2025,9,5576
Ý,2025,10,6674
Ý,2025,11,12609
Ý,2025,12,9490
Ý,2026,1,16461
Ý,2026,2,11116
Ý,2026,3,10530
Ý,2026,4,8178
Ý,2026,5,5762
Đan mạch,2008,7,2279
Đan mạch,2008,9,1073
Đan mạch,2008,10,1883
Đan mạch,2012,12,1826
Đan mạch,2013,1,2778
Đan mạch,2013,2,3059
Đan mạch,2013,3,2687
Đan mạch,2013,4,2312
Đan mạch,2013,5,1257
Đan mạch,2013,6,1224
Đan mạch,2013,7,3601
Đan mạch,2013,8,1655
Đan mạch,2013,9,1156
Đan mạch,2013,10,1659
Đan mạch,2013,11,2260
Đan mạch,2013,12,2001
Đan mạch,2014,1,3229
Đan mạch,2014,2,3768
Đan mạch,2014,3,2909
Đan mạch,2014,4,2665
Đan mạch,2014,5,1369
Đan mạch,2014,6,1257
Đan mạch,2014,7,3731
Đan mạch,2014,8,1706
Đan mạch,2014,9,1160
Đan mạch,2014,10,1631
Đan mạch,2014,11,1836
Đan mạch,2014,12,1854
Đan mạch,2015,1,3108
Đan mạch,2015,2,3675
Đan mạch,2015,3,2711
Đan mạch,2015,4,2642
Đan mạch,2015,5,1344
Đan mạch,2015,6,1249
Đan mạch,2015,7,3624
Đan mạch,2015,8,1602
Đan mạch,2015,9,1209
Đan mạch,2015,10,1819
Đan mạch,2015,11,2114
Đan mạch,2015,12,2188
Đan mạch,2016,1,3440
Đan mạch,2016,2,4405
Đan mạch,2016,3,3751
Đan mạch,2016,4,2581
Đan mạch,2016,5,1615
Đan mạch,2016,6,1213
Đan mạch,2016,7,4092
Đan mạch,2016,8,1837
Đan mạch,2016,9,1305
Đan mạch,2016,10,2017
Đan mạch,2016,11,2481
Đan mạch,2016,12,2259
Đan mạch,2017,1,3791
Đan mạch,2017,2,5165
Đan mạch,2017,3,3689
Đan mạch,2017,4,3614
Đan mạch,2017,5,1663
Đan mạch,2017,6,1343
Đan mạch,2017,7,4313
Đan mạch,2017,8,2085
Đan mạch,2017,9,1525
Đan mạch,2017,10,2279
Đan mạch,2017,11,2791
Đan mạch,2017,12,2462
Đan mạch,2018,1,4705
Đan mạch,2018,2,5830
Đan mạch,2018,3,4768
Đan mạch,2018,4,3820
Đan mạch,2018,5,2035
Đan mạch,2018,6,1483
Đan mạch,2018,7,4843
Đan mạch,2018,8,2612
Đan mạch,2018,9,1563
Đan mạch,2018,10,2654
Đan mạch,2018,11,2918
Đan mạch,2018,12,2695
Đan mạch,2019,1,5460
Đan mạch,2019,2,6238
Đan mạch,2019,3,5264
Đan mạch,2019,4,4483
Đan mạch,2019,5,1910
Đan mạch,2019,6,1446
Đan mạch,2019,7,5072
Đan mạch,2019,8,2274
Đan mạch,2019,9,1673
Đan mạch,2019,10,2589
Đan mạch,2019,11,2929
Đan mạch,2019,12,2705
Đan mạch,2020,1,5178
Đan mạch,2020,2,6197
Đan mạch,2020,3,3069
Đan mạch,2022,1,70
Đan mạch,2022,2,71
Đan mạch,2022,3,149
Đan mạch,2022,4,614
Đan mạch,2022,5,773
Đan mạch,2022,6,741
Đan mạch,2022,7,1759
Đan mạch,2022,8,1406
Đan mạch,2022,9,1144
Đan mạch,2022,10,1642
Đan mạch,2022,11,2265
Đan mạch,2022,12,1793
Đan mạch,2023,1,2685
Đan mạch,2023,2,3500
Đan mạch,2023,3,3210
Đan mạch,2023,4,3371
Đan mạch,2023,5,1748
Đan mạch,2023,6,1360
Đan mạch,2023,7,3428
Đan mạch,2023,8,1839
Đan mạch,2023,9,1406
Đan mạch,2023,10,2274
Đan mạch,2023,11,3022
Đan mạch,2023,12,2388
Đan mạch,2024,1,4158
Đan mạch,2024,2,4958
Đan mạch,2024,3,4638
Đan mạch,2024,4,4153
Đan mạch,2024,5,1827
Đan mạch,2024,6,1314
Đan mạch,2024,7,3237
Đan mạch,2024,8,1466
Đan mạch,2024,9,1769
Đan mạch,2024,10,2683
Đan mạch,2024,11,3255
Đan mạch,2024,12,3462
Đan mạch,2025,1,4898
Đan mạch,2025,2,6120
Đan mạch,2025,3,5158
Đan mạch,2025,4,4013
Đan mạch,2025,5,1694
Đan mạch,2025,6,1301
Đan mạch,2025,7,4536
Đan mạch,2025,8,1603
Đan mạch,2025,9,1778
Đan mạch,2025,10,2946
Đan mạch,2025,11,3454
Đan mạch,2025,12,3909
Đan mạch,2026,1,5656
Đan mạch,2026,2,7939
Đan mạch,2026,3,5875
Đan mạch,2026,4,4432
Đan mạch,2026,5,2032
Đài Loan,2008,7,29867
Đài Loan,2008,9,23344
Đài Loan,2008,10,21214
Đài Loan,2008,11,15114
Đài Loan,2008,12,21858
Đài Loan,2009,1,21239
Đài Loan,2009,2,29448
Đài Loan,2009,3,21572
Đài Loan,2009,4,23208
Đài Loan,2009,5,23086
Đài Loan,2009,6,20900
Đài Loan,2009,7,24411
Đài Loan,2009,8,25634
Đài Loan,2009,9,20384
Đài Loan,2009,10,13901
Đài Loan,2009,11,24130
Đài Loan,2009,12,25008
Đài Loan,2010,1,23628
Đài Loan,2010,2,33895
Đài Loan,2010,3,28671
Đài Loan,2010,4,27536
Đài Loan,2010,5,25996
Đài Loan,2010,6,26204
Đài Loan,2010,7,32594
Đài Loan,2010,8,28542
Đài Loan,2010,9,24006
Đài Loan,2010,10,27545
Đài Loan,2010,11,27315
Đài Loan,2010,12,27455
Đài Loan,2011,1,26316
Đài Loan,2011,2,36560
Đài Loan,2011,3,26056
Đài Loan,2011,4,27014
Đài Loan,2011,5,30635
Đài Loan,2011,6,29402
Đài Loan,2011,7,30019
Đài Loan,2011,8,31530
Đài Loan,2011,9,15420
Đài Loan,2011,10,29804
Đài Loan,2011,11,29654
Đài Loan,2011,12,35625
Đài Loan,2012,1,43499
Đài Loan,2012,2,44588
Đài Loan,2012,3,30558
Đài Loan,2012,4,37259
Đài Loan,2012,5,35590
Đài Loan,2012,6,31023
Đài Loan,2012,7,32427
Đài Loan,2012,8,33252
Đài Loan,2012,9,29319
Đài Loan,2012,10,36666
Đài Loan,2012,11,30839
Đài Loan,2012,12,28564
Đài Loan,2013,1,28306
Đài Loan,2013,2,39970
Đài Loan,2013,3,28427
Đài Loan,2013,4,19341
Đài Loan,2013,5,32148
Đài Loan,2013,6,33952
Đài Loan,2013,7,45567
Đài Loan,2013,8,37033
Đài Loan,2013,9,32840
Đài Loan,2013,10,34057
Đài Loan,2013,11,34863
Đài Loan,2013,12,32486
Đài Loan,2014,1,31488
Đài Loan,2014,2,45836
Đài Loan,2014,3,32131
Đài Loan,2014,4,34825
Đài Loan,2014,5,33688
Đài Loan,2014,6,29762
Đài Loan,2014,7,38428
Đài Loan,2014,8,30821
Đài Loan,2014,9,29678
Đài Loan,2014,10,26821
Đài Loan,2014,11,27509
Đài Loan,2014,12,30053
Đài Loan,2015,1,29094
Đài Loan,2015,2,27057
Đài Loan,2015,3,36657
Đài Loan,2015,4,33978
Đài Loan,2015,5,34911
Đài Loan,2015,6,33987
Đài Loan,2015,7,46083
Đài Loan,2015,8,40357
Đài Loan,2015,9,34428
Đài Loan,2015,10,35051
Đài Loan,2015,11,36932
Đài Loan,2015,12,36525
Đài Loan,2016,1,33683
Đài Loan,2016,2,52697
Đài Loan,2016,3,36285
Đài Loan,2016,4,40053
Đài Loan,2016,5,39242
Đài Loan,2016,6,40411
Đài Loan,2016,7,53703
Đài Loan,2016,8,45176
Đài Loan,2016,9,40743
Đài Loan,2016,10,41408
Đài Loan,2016,11,41851
Đài Loan,2016,12,42049
Đài Loan,2017,1,39495
Đài Loan,2017,2,64314
Đài Loan,2017,3,46333
Đài Loan,2017,4,48890
Đài Loan,2017,5,48644
Đài Loan,2017,6,50176
Đài Loan,2017,7,59800
Đài Loan,2017,8,54150
Đài Loan,2017,9,46524
Đài Loan,2017,10,54506
Đài Loan,2017,11,49469
Đài Loan,2017,12,53931
Đài Loan,2018,1,48542
Đài Loan,2018,2,62966
Đài Loan,2018,3,52862
Đài Loan,2018,4,63046
Đài Loan,2018,5,56134
Đài Loan,2018,6,55406
Đài Loan,2018,7,66250
Đài Loan,2018,8,64094
Đài Loan,2018,9,58399
Đài Loan,2018,10,61105
Đài Loan,2018,11,60943
Đài Loan,2018,12,64365
Đài Loan,2019,1,63789
Đài Loan,2019,2,77916
Đài Loan,2019,3,65390
Đài Loan,2019,4,77215
Đài Loan,2019,5,72921
Đài Loan,2019,6,73083
Đài Loan,2019,7,86701
Đài Loan,2019,8,79339
Đài Loan,2019,9,78117
Đài Loan,2019,10,87996
Đài Loan,2019,11,83771
Đài Loan,2019,12,80506
Đài Loan,2020,1,76114
Đài Loan,2020,2,93758
Đài Loan,2020,3,22344
Đài Loan,2022,1,1495
Đài Loan,2022,2,2899
Đài Loan,2022,3,4019
Đài Loan,2022,4,4375
Đài Loan,2022,5,4758
Đài Loan,2022,6,6737
Đài Loan,2022,7,12465
Đài Loan,2022,8,15346
Đài Loan,2022,9,14273
Đài Loan,2022,10,13885
Đài Loan,2022,11,20805
Đài Loan,2022,12,25154
Đài Loan,2023,1,31334
Đài Loan,2023,2,58822
Đài Loan,2023,3,41752
Đài Loan,2023,4,61606
Đài Loan,2023,5,58467
Đài Loan,2023,6,70508
Đài Loan,2023,7,92589
Đài Loan,2023,8,82939
Đài Loan,2023,9,77084
Đài Loan,2023,10,91528
Đài Loan,2023,11,91560
Đài Loan,2023,12,92835
Đài Loan,2024,1,84213
Đài Loan,2024,2,114115
Đài Loan,2024,3,101502
Đài Loan,2024,4,118812
Đài Loan,2024,5,110834
Đài Loan,2024,6,100952
Đài Loan,2024,7,101465
Đài Loan,2024,8,117848
Đài Loan,2024,9,104064
Đài Loan,2024,10,108861
Đài Loan,2024,11,114949
Đài Loan,2024,12,111246
Đài Loan,2025,1,91373
Đài Loan,2025,2,126929
Đài Loan,2025,3,112215
Đài Loan,2025,4,109697
Đài Loan,2025,5,92683
Đài Loan,2025,6,97089
Đài Loan,2025,7,106653
Đài Loan,2025,8,102543
Đài Loan,2025,9,87218
Đài Loan,2025,10,106865
Đài Loan,2025,11,100149
Đài Loan,2025,12,98096
Đài Loan,2026,1,101292
Đài Loan,2026,2,119112
Đài Loan,2026,3,95877
Đài Loan,2026,4,117377
Đài Loan,2026,5,104318
Đức,2008,7,6789
Đức,2008,9,6181
Đức,2008,10,7950
Đức,2012,12,9155
Đức,2013,1,4103
Đức,2013,2,4283
Đức,2013,3,10099
Đức,2013,4,9318
Đức,2013,5,3046
Đức,2013,6,3375
Đức,2013,7,6775
Đức,2013,8,11037
Đức,2013,9,7703
Đức,2013,10,10039
Đức,2013,11,15833
Đức,2013,12,12062
Đức,2014,1,14701
Đức,2014,2,15713
Đức,2014,3,15574
Đức,2014,4,13647
Đức,2014,5,8136
Đức,2014,6,6109
Đức,2014,7,7884
Đức,2014,8,13636
Đức,2014,9,8888
Đức,2014,10,9839
Đức,2014,11,15878
Đức,2014,12,12838
Đức,2015,2,15788
Đức,2015,3,15975
Đức,2015,4,13926
Đức,2015,5,8218
Đức,2015,6,6000
Đức,2015,7,8705
Đức,2015,8,13417
Đức,2015,9,9624
Đức,2015,10,11832
Đức,2015,11,17545
Đức,2015,12,13754
Đức,2016,1,16488
Đức,2016,2,17934
Đức,2016,3,20268
Đức,2016,4,15750
Đức,2016,5,9799
Đức,2016,6,6632
Đức,2016,7,10550
Đức,2016,8,15967
Đức,2016,9,12232
Đức,2016,10,13933
Đức,2016,11,21075
Đức,2016,12,15387
Đức,2017,1,18415
Đức,2017,2,21495
Đức,2017,3,22013
Đức,2017,4,20928
Đức,2017,5,11340
Đức,2017,6,8979
Đức,2017,7,11609
Đức,2017,8,16597
Đức,2017,9,12317
Đức,2017,10,15021
Đức,2017,11,24553
Đức,2017,12,16605
Đức,2018,1,21037
Đức,2018,2,22765
Đức,2018,3,24203
Đức,2018,4,21463
Đức,2018,5,12712
Đức,2018,6,9381
Đức,2018,7,13976
Đức,2018,8,16156
Đức,2018,9,13429
Đức,2018,10,16435
Đức,2018,11,24177
Đức,2018,12,18252
Đức,2019,1,21850
Đức,2019,2,23977
Đức,2019,3,26384
Đức,2019,4,23482
Đức,2019,5,12742
Đức,2019,6,10029
Đức,2019,7,14764
Đức,2019,8,16426
Đức,2019,9,13713
Đức,2019,10,17786
Đức,2019,11,26882
Đức,2019,12,18757
Đức,2020,1,23951
Đức,2020,2,22131
Đức,2020,3,15383
Đức,2022,1,273
Đức,2022,2,759
Đức,2022,3,1204
Đức,2022,4,3672
Đức,2022,5,4465
Đức,2022,6,5221
Đức,2022,7,8029
Đức,2022,8,10859
Đức,2022,9,10037
Đức,2022,10,10874
Đức,2022,11,14874
Đức,2022,12,13331
Đức,2023,1,17410
Đức,2023,2,17911
Đức,2023,3,20290
Đức,2023,4,21148
Đức,2023,5,12477
Đức,2023,6,9938
Đức,2023,7,12653
Đức,2023,8,16077
Đức,2023,9,14460
Đức,2023,10,16870
Đức,2023,11,22966
Đức,2023,12,18225
Đức,2024,1,22778
Đức,2024,2,25635
Đức,2024,3,29674
Đức,2024,4,27004
Đức,2024,5,15043
Đức,2024,6,10751
Đức,2024,7,11587
Đức,2024,8,18141
Đức,2024,9,14972
Đức,2024,10,21194
Đức,2024,11,29270
Đức,2024,12,23468
Đức,2025,1,27994
Đức,2025,2,33331
Đức,2025,3,34935
Đức,2025,4,28579
Đức,2025,5,14615
Đức,2025,6,11396
Đức,2025,7,16081
Đức,2025,8,22419
Đức,2025,9,16900
Đức,2025,10,22758
Đức,2025,11,34457
Đức,2025,12,27574
Đức,2026,1,33037
Đức,2026,2,39032
Đức,2026,3,40251
Đức,2026,4,30607
Đức,2026,5,18195
Ấn Độ,2018,1,12051
Ấn Độ,2018,2,9875
Ấn Độ,2018,3,9922
Ấn Độ,2018,4,11597
Ấn Độ,2018,5,10414
Ấn Độ,2018,6,10532
Ấn Độ,2018,7,9451
Ấn Độ,2018,8,10958
Ấn Độ,2018,9,10531
Ấn Độ,2018,10,11767
Ấn Độ,2018,11,12812
Ấn Độ,2018,12,12461
Ấn Độ,2019,1,14329
Ấn Độ,2019,2,11374
Ấn Độ,2019,3,12595
Ấn Độ,2019,4,13114
Ấn Độ,2019,5,12376
Ấn Độ,2019,6,13024
Ấn Độ,2019,7,11753
Ấn Độ,2019,8,13608
Ấn Độ,2019,9,13602
Ấn Độ,2019,10,16434
Ấn Độ,2019,11,17989
Ấn Độ,2019,12,18800
Ấn Độ,2020,1,24979
Ấn Độ,2020,2,12437
Ấn Độ,2023,1,35529
Ấn Độ,2023,2,23319
Ấn Độ,2023,3,24209
Ấn Độ,2023,4,28982
Ấn Độ,2023,5,29069
Ấn Độ,2023,6,40064
Ấn Độ,2023,7,32228
Ấn Độ,2023,8,33401
Ấn Độ,2023,9,31147
Ấn Độ,2023,10,35966
Ấn Độ,2023,11,38312
Ấn Độ,2023,12,39915
Ấn Độ,2024,1,46136
Ấn Độ,2024,2,33156
Ấn Độ,2024,3,36981
Ấn Độ,2024,4,41760
Ấn Độ,2024,5,38324
Ấn Độ,2024,6,43045
Ấn Độ,2024,7,32346
Ấn Độ,2024,8,39971
Ấn Độ,2024,9,41399
Ấn Độ,2024,10,41391
Ấn Độ,2024,11,51133
Ấn Độ,2024,12,55785
Ấn Độ,2025,1,48536
Ấn Độ,2025,2,43678
Ấn Độ,2025,3,51141
Ấn Độ,2025,4,60541
Ấn Độ,2025,5,67629
Ấn Độ,2025,6,65993
Ấn Độ,2025,7,49599
Ấn Độ,2025,8,56131
Ấn Độ,2025,9,61395
Ấn Độ,2025,10,70325
Ấn Độ,2025,11,80878
Ấn Độ,2025,12,90634
Ấn Độ,2026,1,87604
Ấn Độ,2026,2,70856
Ấn Độ,2026,3,84196
Ấn Độ,2026,4,81738
Ấn Độ,2026,5,84069
